index,tripduration,starttime,stoptime,start.station.id,start.station.name,start.station.latitude,start.station.longitude,end.station.id,end.station.name,end.station.latitude,end.station.longitude,bikeid,usertype,birth.year,gender,date,count
1,693,3/31/2016 6:10,3/31/2016 6:21,72,W 52 St & 11 Ave,40.76727216,-73.99392888,446,W 24 St & 7 Ave,40.74487634,-73.99529885,19849,Subscriber,1970,1,3/31/2016,1
2,146,3/31/2016 6:34,3/31/2016 6:36,72,W 52 St & 11 Ave,40.76727216,-73.99392888,508,W 46 St & 11 Ave,40.76341379,-73.99667444,20828,Subscriber,1963,1,3/31/2016,1
3,526,3/31/2016 7:15,3/31/2016 7:24,72,W 52 St & 11 Ave,40.76727216,-73.99392888,533,Broadway & W 39 St,40.75299641,-73.98721619,19807,Subscriber,1993,1,3/31/2016,1
4,1575,3/31/2016 7:53,3/31/2016 8:19,72,W 52 St & 11 Ave,40.76727216,-73.99392888,426,West St & Chambers St,40.71754834,-74.01322069,21056,Subscriber,1988,2,3/31/2016,1
5,430,3/31/2016 8:02,3/31/2016 8:10,72,W 52 St & 11 Ave,40.76727216,-73.99392888,173,Broadway & W 49 St,40.76068327,-73.98452729,21193,Subscriber,1983,1,3/31/2016,1
6,1400,3/31/2016 8:04,3/31/2016 8:27,72,W 52 St & 11 Ave,40.76727216,-73.99392888,328,Watts St & Greenwich St,40.72405549,-74.00965965,17842,Subscriber,1984,1,3/31/2016,1
7,819,3/31/2016 8:07,3/31/2016 8:21,72,W 52 St & 11 Ave,40.76727216,-73.99392888,524,W 43 St & 6 Ave,40.75527307,-73.98316936,17800,Subscriber,1960,2,3/31/2016,1
8,1252,3/31/2016 8:09,3/31/2016 8:29,72,W 52 St & 11 Ave,40.76727216,-73.99392888,453,W 22 St & 8 Ave,40.74475148,-73.99915362,14616,Subscriber,1988,2,3/31/2016,1
9,374,3/31/2016 8:13,3/31/2016 8:19,72,W 52 St & 11 Ave,40.76727216,-73.99392888,500,Broadway & W 51 St,40.76228826,-73.98336183,19542,Subscriber,1982,1,3/31/2016,1
10,1179,3/31/2016 8:18,3/31/2016 8:37,72,W 52 St & 11 Ave,40.76727216,-73.99392888,358,Christopher St & Greenwich St,40.73291553,-74.00711384,14913,Subscriber,1985,1,3/31/2016,1
11,471,3/31/2016 8:22,3/31/2016 8:30,72,W 52 St & 11 Ave,40.76727216,-73.99392888,456,E 53 St & Madison Ave,40.7597108,-73.97402311,16325,Subscriber,1977,1,3/31/2016,1
12,1145,3/31/2016 8:32,3/31/2016 8:51,72,W 52 St & 11 Ave,40.76727216,-73.99392888,463,9 Ave & W 16 St,40.74206539,-74.00443172,16436,Subscriber,1975,1,3/31/2016,1
13,638,3/31/2016 8:34,3/31/2016 8:45,72,W 52 St & 11 Ave,40.76727216,-73.99392888,522,E 51 St & Lexington Ave,40.75714758,-73.97207836,14535,Subscriber,1982,2,3/31/2016,1
14,998,3/31/2016 8:35,3/31/2016 8:52,72,W 52 St & 11 Ave,40.76727216,-73.99392888,523,W 38 St & 8 Ave,40.75466591,-73.99138152,18796,Subscriber,1980,1,3/31/2016,1
15,777,3/31/2016 8:39,3/31/2016 8:52,72,W 52 St & 11 Ave,40.76727216,-73.99392888,359,E 47 St & Park Ave,40.75510267,-73.97498696,15496,Subscriber,1984,2,3/31/2016,1
16,535,3/31/2016 8:40,3/31/2016 8:48,72,W 52 St & 11 Ave,40.76727216,-73.99392888,137,E 56 St & Madison Ave,40.761628,-73.972924,18490,Subscriber,1983,1,3/31/2016,1
17,638,3/31/2016 8:40,3/31/2016 8:50,72,W 52 St & 11 Ave,40.76727216,-73.99392888,359,E 47 St & Park Ave,40.75510267,-73.97498696,21470,Subscriber,1975,1,3/31/2016,1
18,596,3/31/2016 8:40,3/31/2016 8:50,72,W 52 St & 11 Ave,40.76727216,-73.99392888,359,E 47 St & Park Ave,40.75510267,-73.97498696,21048,Subscriber,1974,1,3/31/2016,1
19,733,3/31/2016 8:45,3/31/2016 8:57,72,W 52 St & 11 Ave,40.76727216,-73.99392888,267,Broadway & W 36 St,40.75097711,-73.98765428,18528,Subscriber,1980,2,3/31/2016,1
20,808,3/31/2016 8:45,3/31/2016 8:58,72,W 52 St & 11 Ave,40.76727216,-73.99392888,267,Broadway & W 36 St,40.75097711,-73.98765428,15116,Subscriber,1964,1,3/31/2016,1
21,281,3/31/2016 8:49,3/31/2016 8:54,72,W 52 St & 11 Ave,40.76727216,-73.99392888,479,9 Ave & W 45 St,40.76019252,-73.9912551,20870,Subscriber,1979,1,3/31/2016,1
22,286,3/31/2016 9:18,3/31/2016 9:22,72,W 52 St & 11 Ave,40.76727216,-73.99392888,450,W 49 St & 8 Ave,40.76227205,-73.98788205,18489,Subscriber,1987,1,3/31/2016,1
23,384,3/31/2016 9:45,3/31/2016 9:51,72,W 52 St & 11 Ave,40.76727216,-73.99392888,469,Broadway & W 53 St,40.76344058,-73.98268129,17086,Subscriber,1947,1,3/31/2016,1
24,749,3/31/2016 10:35,3/31/2016 10:48,72,W 52 St & 11 Ave,40.76727216,-73.99392888,3169,Riverside Dr & W 82 St,40.78720869,-73.98128127,19833,Subscriber,1983,2,3/31/2016,1
25,976,3/31/2016 11:12,3/31/2016 11:28,72,W 52 St & 11 Ave,40.76727216,-73.99392888,490,8 Ave & W 33 St,40.751551,-73.993934,14688,Subscriber,1972,2,3/31/2016,1
26,1666,3/31/2016 11:30,3/31/2016 11:58,72,W 52 St & 11 Ave,40.76727216,-73.99392888,238,Bank St & Washington St,40.7361967,-74.00859207,18327,Subscriber,1960,2,3/31/2016,1
27,1210,3/31/2016 11:52,3/31/2016 12:12,72,W 52 St & 11 Ave,40.76727216,-73.99392888,422,W 59 St & 10 Ave,40.770513,-73.988038,16196,Subscriber,1996,2,3/31/2016,1
28,326,3/31/2016 11:53,3/31/2016 11:58,72,W 52 St & 11 Ave,40.76727216,-73.99392888,500,Broadway & W 51 St,40.76228826,-73.98336183,15853,Subscriber,1985,1,3/31/2016,1
29,961,3/31/2016 12:04,3/31/2016 12:20,72,W 52 St & 11 Ave,40.76727216,-73.99392888,225,W 14 St & The High Line,40.74195138,-74.00803013,19834,Subscriber,1970,1,3/31/2016,1
30,687,3/31/2016 12:33,3/31/2016 12:44,72,W 52 St & 11 Ave,40.76727216,-73.99392888,489,10 Ave & W 28 St,40.75066386,-74.00176802,15866,Subscriber,1984,1,3/31/2016,1
31,400,3/31/2016 12:39,3/31/2016 12:45,72,W 52 St & 11 Ave,40.76727216,-73.99392888,479,9 Ave & W 45 St,40.76019252,-73.9912551,18781,Subscriber,1978,1,3/31/2016,1
32,1396,3/31/2016 12:44,3/31/2016 13:08,72,W 52 St & 11 Ave,40.76727216,-73.99392888,435,W 21 St & 6 Ave,40.74173969,-73.99415556,19602,Subscriber,1964,2,3/31/2016,1
33,330,3/31/2016 13:14,3/31/2016 13:20,72,W 52 St & 11 Ave,40.76727216,-73.99392888,469,Broadway & W 53 St,40.76344058,-73.98268129,14657,Subscriber,1947,1,3/31/2016,1
34,1556,3/31/2016 13:15,3/31/2016 13:41,72,W 52 St & 11 Ave,40.76727216,-73.99392888,336,Sullivan St & Washington Sq,40.73047747,-73.99906065,19995,Subscriber,1979,1,3/31/2016,1
35,379,3/31/2016 13:34,3/31/2016 13:41,72,W 52 St & 11 Ave,40.76727216,-73.99392888,514,12 Ave & W 40 St,40.76087502,-74.00277668,15173,Subscriber,1978,1,3/31/2016,1
36,437,3/31/2016 13:59,3/31/2016 14:06,72,W 52 St & 11 Ave,40.76727216,-73.99392888,479,9 Ave & W 45 St,40.76019252,-73.9912551,16263,Subscriber,1980,1,3/31/2016,1
37,2194,3/31/2016 14:26,3/31/2016 15:02,72,W 52 St & 11 Ave,40.76727216,-73.99392888,151,Cleveland Pl & Spring St,40.72210379,-73.99724901,21439,Subscriber,1985,1,3/31/2016,1
38,1988,3/31/2016 14:33,3/31/2016 15:07,72,W 52 St & 11 Ave,40.76727216,-73.99392888,327,Vesey Pl & River Terrace,40.7153379,-74.01658354,18459,Subscriber,1965,2,3/31/2016,1
39,738,3/31/2016 14:50,3/31/2016 15:02,72,W 52 St & 11 Ave,40.76727216,-73.99392888,490,8 Ave & W 33 St,40.751551,-73.993934,15496,Subscriber,1965,1,3/31/2016,1
40,1304,3/31/2016 15:13,3/31/2016 15:35,72,W 52 St & 11 Ave,40.76727216,-73.99392888,72,W 52 St & 11 Ave,40.76727216,-73.99392888,17038,Subscriber,1990,2,3/31/2016,1
41,2030,3/31/2016 15:45,3/31/2016 16:19,72,W 52 St & 11 Ave,40.76727216,-73.99392888,350,Clinton St & Grand St,40.71559509,-73.9870295,17038,Subscriber,1978,1,3/31/2016,1
42,349,3/31/2016 15:57,3/31/2016 16:02,72,W 52 St & 11 Ave,40.76727216,-73.99392888,500,Broadway & W 51 St,40.76228826,-73.98336183,17769,Subscriber,1982,1,3/31/2016,1
43,550,3/31/2016 16:02,3/31/2016 16:11,72,W 52 St & 11 Ave,40.76727216,-73.99392888,529,W 42 St & 8 Ave,40.7575699,-73.99098507,17445,Subscriber,1976,1,3/31/2016,1
44,1673,3/31/2016 16:10,3/31/2016 16:37,72,W 52 St & 11 Ave,40.76727216,-73.99392888,223,W 13 St & 7 Ave,40.73781509,-73.99994661,17741,Customer,NA,0,3/31/2016,1
45,836,3/31/2016 16:10,3/31/2016 16:24,72,W 52 St & 11 Ave,40.76727216,-73.99392888,484,W 44 St & 5 Ave,40.75500254,-73.98014437,15329,Subscriber,1978,1,3/31/2016,1
46,573,3/31/2016 16:14,3/31/2016 16:23,72,W 52 St & 11 Ave,40.76727216,-73.99392888,465,Broadway & W 41 St,40.75513557,-73.98658032,17760,Subscriber,1973,1,3/31/2016,1
47,1375,3/31/2016 16:32,3/31/2016 16:55,72,W 52 St & 11 Ave,40.76727216,-73.99392888,79,Franklin St & W Broadway,40.71911552,-74.00666661,15178,Subscriber,1964,1,3/31/2016,1
48,377,3/31/2016 16:50,3/31/2016 16:57,72,W 52 St & 11 Ave,40.76727216,-73.99392888,514,12 Ave & W 40 St,40.76087502,-74.00277668,17077,Subscriber,1972,2,3/31/2016,1
49,443,3/31/2016 16:51,3/31/2016 16:58,72,W 52 St & 11 Ave,40.76727216,-73.99392888,173,Broadway & W 49 St,40.76068327,-73.98452729,18899,Subscriber,1975,1,3/31/2016,1
50,1159,3/31/2016 16:57,3/31/2016 17:16,72,W 52 St & 11 Ave,40.76727216,-73.99392888,499,Broadway & W 60 St,40.76915505,-73.98191841,16530,Customer,NA,0,3/31/2016,1
51,1114,3/31/2016 16:58,3/31/2016 17:16,72,W 52 St & 11 Ave,40.76727216,-73.99392888,499,Broadway & W 60 St,40.76915505,-73.98191841,19688,Customer,NA,0,3/31/2016,1
52,613,3/31/2016 16:59,3/31/2016 17:09,72,W 52 St & 11 Ave,40.76727216,-73.99392888,3233,E 48 St & 5 Ave,40.75724568,-73.97805914,14901,Subscriber,1971,1,3/31/2016,1
53,1091,3/31/2016 17:08,3/31/2016 17:27,72,W 52 St & 11 Ave,40.76727216,-73.99392888,514,12 Ave & W 40 St,40.76087502,-74.00277668,16857,Subscriber,1980,1,3/31/2016,1
54,1045,3/31/2016 17:14,3/31/2016 17:31,72,W 52 St & 11 Ave,40.76727216,-73.99392888,519,Pershing Square North,40.751873,-73.977706,19420,Subscriber,1972,2,3/31/2016,1
55,1564,3/31/2016 17:14,3/31/2016 17:40,72,W 52 St & 11 Ave,40.76727216,-73.99392888,497,E 17 St & Broadway,40.73704984,-73.99009296,21177,Subscriber,1971,2,3/31/2016,1
56,631,3/31/2016 17:33,3/31/2016 17:43,72,W 52 St & 11 Ave,40.76727216,-73.99392888,3233,E 48 St & 5 Ave,40.75724568,-73.97805914,15160,Subscriber,1959,1,3/31/2016,1
57,573,3/31/2016 17:46,3/31/2016 17:56,72,W 52 St & 11 Ave,40.76727216,-73.99392888,488,W 39 St & 9 Ave,40.75645824,-73.99372222,19198,Customer,NA,0,3/31/2016,1
58,569,3/31/2016 17:47,3/31/2016 17:56,72,W 52 St & 11 Ave,40.76727216,-73.99392888,488,W 39 St & 9 Ave,40.75645824,-73.99372222,21406,Customer,NA,0,3/31/2016,1
59,755,3/31/2016 17:52,3/31/2016 18:05,72,W 52 St & 11 Ave,40.76727216,-73.99392888,3230,Penn Station Valet,40.7512836,-73.99692446,17136,Subscriber,1969,2,3/31/2016,1
60,303,3/31/2016 17:54,3/31/2016 17:59,72,W 52 St & 11 Ave,40.76727216,-73.99392888,447,8 Ave & W 52 St,40.76370739,-73.9851615,18028,Subscriber,1981,2,3/31/2016,1
61,744,3/31/2016 18:06,3/31/2016 18:19,72,W 52 St & 11 Ave,40.76727216,-73.99392888,484,W 44 St & 5 Ave,40.75500254,-73.98014437,18211,Subscriber,1956,1,3/31/2016,1
62,690,3/31/2016 18:06,3/31/2016 18:18,72,W 52 St & 11 Ave,40.76727216,-73.99392888,388,W 26 St & 10 Ave,40.74971775,-74.00295035,19467,Subscriber,1956,1,3/31/2016,1
63,1433,3/31/2016 18:06,3/31/2016 18:30,72,W 52 St & 11 Ave,40.76727216,-73.99392888,367,E 53 St & Lexington Ave,40.75828065,-73.97069431,16285,Subscriber,1964,1,3/31/2016,1
64,1348,3/31/2016 18:24,3/31/2016 18:46,72,W 52 St & 11 Ave,40.76727216,-73.99392888,504,1 Ave & E 15 St,40.73221853,-73.98165557,20647,Subscriber,1971,1,3/31/2016,1
65,223,3/31/2016 18:29,3/31/2016 18:33,72,W 52 St & 11 Ave,40.76727216,-73.99392888,530,11 Ave & W 59 St,40.771522,-73.990541,21306,Subscriber,1961,1,3/31/2016,1
66,328,3/31/2016 18:30,3/31/2016 18:35,72,W 52 St & 11 Ave,40.76727216,-73.99392888,2021,W 45 St & 8 Ave,40.75929124,-73.98859651,24731,Subscriber,1996,2,3/31/2016,1
67,1711,3/31/2016 18:44,3/31/2016 19:13,72,W 52 St & 11 Ave,40.76727216,-73.99392888,3145,E 84 St & Park Ave,40.77862688,-73.95772073,20613,Subscriber,1980,1,3/31/2016,1
68,1245,3/31/2016 18:51,3/31/2016 19:11,72,W 52 St & 11 Ave,40.76727216,-73.99392888,426,West St & Chambers St,40.71754834,-74.01322069,16560,Subscriber,1977,1,3/31/2016,1
69,942,3/31/2016 19:05,3/31/2016 19:20,72,W 52 St & 11 Ave,40.76727216,-73.99392888,359,E 47 St & Park Ave,40.75510267,-73.97498696,17634,Subscriber,1989,1,3/31/2016,1
70,615,3/31/2016 19:10,3/31/2016 19:20,72,W 52 St & 11 Ave,40.76727216,-73.99392888,523,W 38 St & 8 Ave,40.75466591,-73.99138152,20318,Subscriber,1982,1,3/31/2016,1
71,255,3/31/2016 19:44,3/31/2016 19:49,72,W 52 St & 11 Ave,40.76727216,-73.99392888,479,9 Ave & W 45 St,40.76019252,-73.9912551,21307,Subscriber,1989,1,3/31/2016,1
72,309,3/31/2016 20:05,3/31/2016 20:10,72,W 52 St & 11 Ave,40.76727216,-73.99392888,447,8 Ave & W 52 St,40.76370739,-73.9851615,19234,Subscriber,1983,1,3/31/2016,1
73,807,3/31/2016 20:32,3/31/2016 20:45,72,W 52 St & 11 Ave,40.76727216,-73.99392888,522,E 51 St & Lexington Ave,40.75714758,-73.97207836,19388,Subscriber,1986,1,3/31/2016,1
74,926,3/31/2016 20:33,3/31/2016 20:48,72,W 52 St & 11 Ave,40.76727216,-73.99392888,284,Greenwich Ave & 8 Ave,40.73901691,-74.00263761,20070,Subscriber,1977,1,3/31/2016,1
75,1350,3/31/2016 22:01,3/31/2016 22:24,72,W 52 St & 11 Ave,40.76727216,-73.99392888,238,Bank St & Washington St,40.7361967,-74.00859207,14544,Subscriber,1950,2,3/31/2016,1
76,233,3/31/2016 0:21,3/31/2016 0:25,79,Franklin St & W Broadway,40.71911552,-74.00666661,417,Barclay St & Church St,40.71291224,-74.01020234,14982,Subscriber,1982,2,3/31/2016,1
77,1191,3/31/2016 7:10,3/31/2016 7:30,79,Franklin St & W Broadway,40.71911552,-74.00666661,3176,W 64 St & West End Ave,40.77452835,-73.98753759,16804,Subscriber,1981,1,3/31/2016,1
78,576,3/31/2016 7:29,3/31/2016 7:39,79,Franklin St & W Broadway,40.71911552,-74.00666661,360,William St & Pine St,40.70717936,-74.00887308,19086,Subscriber,1976,1,3/31/2016,1
79,493,3/31/2016 7:49,3/31/2016 7:57,79,Franklin St & W Broadway,40.71911552,-74.00666661,2009,Catherine St & Monroe St,40.71117444,-73.99682619,19619,Subscriber,1971,2,3/31/2016,1
80,619,3/31/2016 8:30,3/31/2016 8:40,79,Franklin St & W Broadway,40.71911552,-74.00666661,279,Peck Slip & Front St,40.707873,-74.00167,19342,Subscriber,1955,1,3/31/2016,1
81,293,3/31/2016 8:37,3/31/2016 8:42,79,Franklin St & W Broadway,40.71911552,-74.00666661,417,Barclay St & Church St,40.71291224,-74.01020234,17200,Subscriber,1970,1,3/31/2016,1
82,576,3/31/2016 8:45,3/31/2016 8:54,79,Franklin St & W Broadway,40.71911552,-74.00666661,293,Lafayette St & E 8 St,40.73028666,-73.9907647,19097,Subscriber,1960,1,3/31/2016,1
83,455,3/31/2016 8:50,3/31/2016 8:58,79,Franklin St & W Broadway,40.71911552,-74.00666661,264,Maiden Ln & Pearl St,40.70706456,-74.00731853,15022,Subscriber,1969,1,3/31/2016,1
84,426,3/31/2016 8:59,3/31/2016 9:06,79,Franklin St & W Broadway,40.71911552,-74.00666661,417,Barclay St & Church St,40.71291224,-74.01020234,20733,Customer,NA,0,3/31/2016,1
85,356,3/31/2016 9:12,3/31/2016 9:18,79,Franklin St & W Broadway,40.71911552,-74.00666661,386,Centre St & Worth St,40.71494807,-74.00234482,16076,Subscriber,1963,1,3/31/2016,1
86,257,3/31/2016 9:12,3/31/2016 9:17,79,Franklin St & W Broadway,40.71911552,-74.00666661,377,6 Ave & Canal St,40.72243797,-74.00566443,15644,Subscriber,1992,1,3/31/2016,1
87,80,3/31/2016 9:20,3/31/2016 9:21,79,Franklin St & W Broadway,40.71911552,-74.00666661,320,Leonard St & Church St,40.717571,-74.005549,19182,Subscriber,1997,1,3/31/2016,1
88,454,3/31/2016 9:22,3/31/2016 9:30,79,Franklin St & W Broadway,40.71911552,-74.00666661,224,Spruce St & Nassau St,40.71146364,-74.00552427,18332,Subscriber,1977,1,3/31/2016,1
89,530,3/31/2016 9:31,3/31/2016 9:40,79,Franklin St & W Broadway,40.71911552,-74.00666661,79,Franklin St & W Broadway,40.71911552,-74.00666661,19012,Subscriber,1960,1,3/31/2016,1
90,2555,3/31/2016 9:43,3/31/2016 10:25,79,Franklin St & W Broadway,40.71911552,-74.00666661,499,Broadway & W 60 St,40.76915505,-73.98191841,21571,Subscriber,1955,1,3/31/2016,1
91,995,3/31/2016 9:44,3/31/2016 10:00,79,Franklin St & W Broadway,40.71911552,-74.00666661,496,E 16 St & 5 Ave,40.73726186,-73.99238967,16076,Subscriber,1967,1,3/31/2016,1
92,621,3/31/2016 10:13,3/31/2016 10:24,79,Franklin St & W Broadway,40.71911552,-74.00666661,260,Broad St & Bridge St,40.70365182,-74.01167797,16505,Subscriber,1960,1,3/31/2016,1
93,551,3/31/2016 10:21,3/31/2016 10:30,79,Franklin St & W Broadway,40.71911552,-74.00666661,3002,South End Ave & Liberty St,40.711512,-74.015756,18982,Subscriber,1954,1,3/31/2016,1
94,2499,3/31/2016 10:34,3/31/2016 11:16,79,Franklin St & W Broadway,40.71911552,-74.00666661,423,W 54 St & 9 Ave,40.76584941,-73.98690506,20742,Subscriber,1955,2,3/31/2016,1
95,1432,3/31/2016 10:39,3/31/2016 11:02,79,Franklin St & W Broadway,40.71911552,-74.00666661,485,W 37 St & 5 Ave,40.75038009,-73.98338988,17085,Subscriber,1986,1,3/31/2016,1
96,1078,3/31/2016 11:01,3/31/2016 11:19,79,Franklin St & W Broadway,40.71911552,-74.00666661,259,South St & Whitehall St,40.70122128,-74.01234218,15077,Subscriber,1984,2,3/31/2016,1
97,493,3/31/2016 11:12,3/31/2016 11:20,79,Franklin St & W Broadway,40.71911552,-74.00666661,412,Forsyth St & Canal St,40.7158155,-73.99422366,19909,Subscriber,1977,2,3/31/2016,1
98,867,3/31/2016 11:27,3/31/2016 11:41,79,Franklin St & W Broadway,40.71911552,-74.00666661,368,Carmine St & 6 Ave,40.73038599,-74.00214988,14641,Subscriber,1956,1,3/31/2016,1
99,446,3/31/2016 11:38,3/31/2016 11:45,79,Franklin St & W Broadway,40.71911552,-74.00666661,369,Washington Pl & 6 Ave,40.73224119,-74.00026394,19242,Subscriber,1970,2,3/31/2016,1
100,312,3/31/2016 11:55,3/31/2016 12:00,79,Franklin St & W Broadway,40.71911552,-74.00666661,426,West St & Chambers St,40.71754834,-74.01322069,18081,Subscriber,1984,1,3/31/2016,1
101,817,3/31/2016 12:12,3/31/2016 12:25,79,Franklin St & W Broadway,40.71911552,-74.00666661,317,E 6 St & Avenue B,40.72453734,-73.98185424,18877,Subscriber,1976,1,3/31/2016,1
102,821,3/31/2016 12:33,3/31/2016 12:47,79,Franklin St & W Broadway,40.71911552,-74.00666661,382,University Pl & E 14 St,40.73492695,-73.99200509,18019,Subscriber,1988,1,3/31/2016,1
103,496,3/31/2016 12:34,3/31/2016 12:43,79,Franklin St & W Broadway,40.71911552,-74.00666661,224,Spruce St & Nassau St,40.71146364,-74.00552427,20697,Subscriber,1972,1,3/31/2016,1
104,472,3/31/2016 12:35,3/31/2016 12:43,79,Franklin St & W Broadway,40.71911552,-74.00666661,224,Spruce St & Nassau St,40.71146364,-74.00552427,17842,Subscriber,1969,1,3/31/2016,1
105,576,3/31/2016 13:11,3/31/2016 13:20,79,Franklin St & W Broadway,40.71911552,-74.00666661,279,Peck Slip & Front St,40.707873,-74.00167,16583,Subscriber,1963,1,3/31/2016,1
106,176,3/31/2016 13:20,3/31/2016 13:23,79,Franklin St & W Broadway,40.71911552,-74.00666661,257,Lispenard St & Broadway,40.71939226,-74.00247214,19012,Subscriber,1951,1,3/31/2016,1
107,387,3/31/2016 13:30,3/31/2016 13:36,79,Franklin St & W Broadway,40.71911552,-74.00666661,195,Liberty St & Broadway,40.70905623,-74.01043382,21518,Subscriber,1963,1,3/31/2016,1
108,283,3/31/2016 13:44,3/31/2016 13:49,79,Franklin St & W Broadway,40.71911552,-74.00666661,355,Bayard St & Baxter St,40.71602118,-73.99974372,16415,Subscriber,1979,1,3/31/2016,1
109,232,3/31/2016 14:45,3/31/2016 14:49,79,Franklin St & W Broadway,40.71911552,-74.00666661,152,Warren St & Church St,40.71473993,-74.00910627,18065,Subscriber,1968,2,3/31/2016,1
110,144,3/31/2016 14:48,3/31/2016 14:50,79,Franklin St & W Broadway,40.71911552,-74.00666661,329,Greenwich St & N Moore St,40.72043411,-74.01020609,17724,Subscriber,1960,2,3/31/2016,1
111,862,3/31/2016 15:22,3/31/2016 15:36,79,Franklin St & W Broadway,40.71911552,-74.00666661,410,Suffolk St & Stanton St,40.72066442,-73.98517977,22480,Subscriber,1983,1,3/31/2016,1
112,526,3/31/2016 15:26,3/31/2016 15:35,79,Franklin St & W Broadway,40.71911552,-74.00666661,151,Cleveland Pl & Spring St,40.72210379,-73.99724901,19910,Subscriber,1977,1,3/31/2016,1
113,973,3/31/2016 15:34,3/31/2016 15:51,79,Franklin St & W Broadway,40.71911552,-74.00666661,304,Broadway & Battery Pl,40.70463334,-74.01361706,16617,Subscriber,1973,2,3/31/2016,1
114,2163,3/31/2016 15:35,3/31/2016 16:11,79,Franklin St & W Broadway,40.71911552,-74.00666661,79,Franklin St & W Broadway,40.71911552,-74.00666661,19819,Subscriber,1956,1,3/31/2016,1
115,520,3/31/2016 15:37,3/31/2016 15:45,79,Franklin St & W Broadway,40.71911552,-74.00666661,151,Cleveland Pl & Spring St,40.72210379,-73.99724901,15521,Subscriber,1953,1,3/31/2016,1
116,908,3/31/2016 15:37,3/31/2016 15:52,79,Franklin St & W Broadway,40.71911552,-74.00666661,265,Stanton St & Chrystie St,40.72229346,-73.99147535,21113,Subscriber,1962,2,3/31/2016,1
117,833,3/31/2016 15:39,3/31/2016 15:53,79,Franklin St & W Broadway,40.71911552,-74.00666661,265,Stanton St & Chrystie St,40.72229346,-73.99147535,18078,Subscriber,1994,1,3/31/2016,1
118,294,3/31/2016 16:12,3/31/2016 16:17,79,Franklin St & W Broadway,40.71911552,-74.00666661,309,Murray St & West St,40.7149787,-74.013012,19548,Subscriber,1953,1,3/31/2016,1
119,2210,3/31/2016 16:30,3/31/2016 17:07,79,Franklin St & W Broadway,40.71911552,-74.00666661,510,W 51 St & 6 Ave,40.7606597,-73.98042047,21760,Subscriber,1983,1,3/31/2016,1
120,782,3/31/2016 16:35,3/31/2016 16:48,79,Franklin St & W Broadway,40.71911552,-74.00666661,265,Stanton St & Chrystie St,40.72229346,-73.99147535,19819,Subscriber,1956,1,3/31/2016,1
121,198,3/31/2016 16:37,3/31/2016 16:41,79,Franklin St & W Broadway,40.71911552,-74.00666661,147,Greenwich St & Warren St,40.71542197,-74.01121978,17379,Subscriber,1953,1,3/31/2016,1
122,357,3/31/2016 16:46,3/31/2016 16:52,79,Franklin St & W Broadway,40.71911552,-74.00666661,327,Vesey Pl & River Terrace,40.7153379,-74.01658354,17465,Subscriber,1972,1,3/31/2016,1
123,491,3/31/2016 16:46,3/31/2016 16:55,79,Franklin St & W Broadway,40.71911552,-74.00666661,127,Barrow St & Hudson St,40.73172428,-74.00674436,16415,Subscriber,1964,1,3/31/2016,1
124,1646,3/31/2016 16:47,3/31/2016 17:15,79,Franklin St & W Broadway,40.71911552,-74.00666661,514,12 Ave & W 40 St,40.76087502,-74.00277668,18653,Subscriber,1965,1,3/31/2016,1
125,183,3/31/2016 16:55,3/31/2016 16:58,79,Franklin St & W Broadway,40.71911552,-74.00666661,276,Duane St & Greenwich St,40.71748752,-74.0104554,18749,Subscriber,1950,1,3/31/2016,1
126,1912,3/31/2016 17:12,3/31/2016 17:44,79,Franklin St & W Broadway,40.71911552,-74.00666661,529,W 42 St & 8 Ave,40.7575699,-73.99098507,15178,Subscriber,1989,2,3/31/2016,1
127,795,3/31/2016 17:23,3/31/2016 17:36,79,Franklin St & W Broadway,40.71911552,-74.00666661,368,Carmine St & 6 Ave,40.73038599,-74.00214988,19847,Customer,NA,0,3/31/2016,1
128,792,3/31/2016 17:23,3/31/2016 17:36,79,Franklin St & W Broadway,40.71911552,-74.00666661,368,Carmine St & 6 Ave,40.73038599,-74.00214988,17716,Customer,NA,0,3/31/2016,1
129,551,3/31/2016 17:23,3/31/2016 17:32,79,Franklin St & W Broadway,40.71911552,-74.00666661,127,Barrow St & Hudson St,40.73172428,-74.00674436,19033,Subscriber,1978,2,3/31/2016,1
130,1284,3/31/2016 17:48,3/31/2016 18:09,79,Franklin St & W Broadway,40.71911552,-74.00666661,388,W 26 St & 10 Ave,40.74971775,-74.00295035,20241,Subscriber,1973,1,3/31/2016,1
131,376,3/31/2016 17:48,3/31/2016 17:55,79,Franklin St & W Broadway,40.71911552,-74.00666661,3002,South End Ave & Liberty St,40.711512,-74.015756,17002,Subscriber,1989,1,3/31/2016,1
132,406,3/31/2016 17:52,3/31/2016 17:58,79,Franklin St & W Broadway,40.71911552,-74.00666661,368,Carmine St & 6 Ave,40.73038599,-74.00214988,16114,Subscriber,1987,1,3/31/2016,1
133,659,3/31/2016 17:57,3/31/2016 18:08,79,Franklin St & W Broadway,40.71911552,-74.00666661,293,Lafayette St & E 8 St,40.73028666,-73.9907647,19969,Subscriber,1986,1,3/31/2016,1
134,558,3/31/2016 17:59,3/31/2016 18:08,79,Franklin St & W Broadway,40.71911552,-74.00666661,415,Pearl St & Hanover Square,40.7047177,-74.00926027,21576,Subscriber,1984,1,3/31/2016,1
135,389,3/31/2016 18:11,3/31/2016 18:17,79,Franklin St & W Broadway,40.71911552,-74.00666661,417,Barclay St & Church St,40.71291224,-74.01020234,19614,Subscriber,1985,1,3/31/2016,1
136,290,3/31/2016 18:12,3/31/2016 18:17,79,Franklin St & W Broadway,40.71911552,-74.00666661,147,Greenwich St & Warren St,40.71542197,-74.01121978,15228,Subscriber,1997,1,3/31/2016,1
137,676,3/31/2016 18:13,3/31/2016 18:24,79,Franklin St & W Broadway,40.71911552,-74.00666661,463,9 Ave & W 16 St,40.74206539,-74.00443172,19094,Subscriber,1981,1,3/31/2016,1
138,984,3/31/2016 18:21,3/31/2016 18:38,79,Franklin St & W Broadway,40.71911552,-74.00666661,336,Sullivan St & Washington Sq,40.73047747,-73.99906065,17092,Subscriber,1988,2,3/31/2016,1
139,961,3/31/2016 18:24,3/31/2016 18:40,79,Franklin St & W Broadway,40.71911552,-74.00666661,433,E 13 St & Avenue A,40.72955361,-73.98057249,20061,Subscriber,1993,1,3/31/2016,1
140,1479,3/31/2016 18:28,3/31/2016 18:52,79,Franklin St & W Broadway,40.71911552,-74.00666661,488,W 39 St & 9 Ave,40.75645824,-73.99372222,15923,Subscriber,1982,1,3/31/2016,1
141,2361,3/31/2016 18:30,3/31/2016 19:09,79,Franklin St & W Broadway,40.71911552,-74.00666661,3169,Riverside Dr & W 82 St,40.78720869,-73.98128127,19067,Subscriber,1975,1,3/31/2016,1
142,998,3/31/2016 18:34,3/31/2016 18:50,79,Franklin St & W Broadway,40.71911552,-74.00666661,311,Norfolk St & Broome St,40.7172274,-73.98802084,18685,Subscriber,1992,1,3/31/2016,1
143,511,3/31/2016 18:34,3/31/2016 18:43,79,Franklin St & W Broadway,40.71911552,-74.00666661,363,West Thames St,40.70834698,-74.01713445,18826,Subscriber,1969,1,3/31/2016,1
144,2880,3/31/2016 18:43,3/31/2016 19:31,79,Franklin St & W Broadway,40.71911552,-74.00666661,3175,W 70 St & Amsterdam Ave,40.77748046,-73.98288594,18273,Subscriber,1966,1,3/31/2016,1
145,933,3/31/2016 18:44,3/31/2016 19:00,79,Franklin St & W Broadway,40.71911552,-74.00666661,212,W 16 St & The High Line,40.74334935,-74.00681753,20791,Subscriber,1955,2,3/31/2016,1
146,339,3/31/2016 18:45,3/31/2016 18:51,79,Franklin St & W Broadway,40.71911552,-74.00666661,151,Cleveland Pl & Spring St,40.72210379,-73.99724901,21453,Subscriber,1977,1,3/31/2016,1
147,280,3/31/2016 18:50,3/31/2016 18:55,79,Franklin St & W Broadway,40.71911552,-74.00666661,348,W Broadway & Spring St,40.72490985,-74.00154702,15604,Subscriber,1996,1,3/31/2016,1
148,503,3/31/2016 18:51,3/31/2016 18:59,79,Franklin St & W Broadway,40.71911552,-74.00666661,284,Greenwich Ave & 8 Ave,40.73901691,-74.00263761,19581,Subscriber,1991,1,3/31/2016,1
149,1306,3/31/2016 18:53,3/31/2016 19:15,79,Franklin St & W Broadway,40.71911552,-74.00666661,388,W 26 St & 10 Ave,40.74971775,-74.00295035,20562,Subscriber,1953,1,3/31/2016,1
150,1378,3/31/2016 18:53,3/31/2016 19:16,79,Franklin St & W Broadway,40.71911552,-74.00666661,388,W 26 St & 10 Ave,40.74971775,-74.00295035,16900,Subscriber,1951,2,3/31/2016,1
151,771,3/31/2016 19:00,3/31/2016 19:13,79,Franklin St & W Broadway,40.71911552,-74.00666661,363,West Thames St,40.70834698,-74.01713445,15012,Subscriber,1967,2,3/31/2016,1
152,580,3/31/2016 19:01,3/31/2016 19:10,79,Franklin St & W Broadway,40.71911552,-74.00666661,336,Sullivan St & Washington Sq,40.73047747,-73.99906065,15871,Subscriber,1981,1,3/31/2016,1
153,428,3/31/2016 19:15,3/31/2016 19:22,79,Franklin St & W Broadway,40.71911552,-74.00666661,195,Liberty St & Broadway,40.70905623,-74.01043382,16868,Subscriber,1964,2,3/31/2016,1
154,265,3/31/2016 19:16,3/31/2016 19:21,79,Franklin St & W Broadway,40.71911552,-74.00666661,417,Barclay St & Church St,40.71291224,-74.01020234,16887,Subscriber,1977,1,3/31/2016,1
155,474,3/31/2016 19:22,3/31/2016 19:29,79,Franklin St & W Broadway,40.71911552,-74.00666661,151,Cleveland Pl & Spring St,40.72210379,-73.99724901,19656,Subscriber,1993,1,3/31/2016,1
156,285,3/31/2016 19:38,3/31/2016 19:43,79,Franklin St & W Broadway,40.71911552,-74.00666661,387,Centre St & Chambers St,40.71273266,-74.0046073,17112,Subscriber,1983,1,3/31/2016,1
157,592,3/31/2016 19:47,3/31/2016 19:57,79,Franklin St & W Broadway,40.71911552,-74.00666661,382,University Pl & E 14 St,40.73492695,-73.99200509,15396,Subscriber,1977,1,3/31/2016,1
158,895,3/31/2016 19:53,3/31/2016 20:08,79,Franklin St & W Broadway,40.71911552,-74.00666661,410,Suffolk St & Stanton St,40.72066442,-73.98517977,17381,Subscriber,1988,2,3/31/2016,1
159,1522,3/31/2016 20:09,3/31/2016 20:34,79,Franklin St & W Broadway,40.71911552,-74.00666661,325,E 19 St & 3 Ave,40.73624527,-73.98473765,19125,Subscriber,1968,2,3/31/2016,1
160,1614,3/31/2016 20:14,3/31/2016 20:41,79,Franklin St & W Broadway,40.71911552,-74.00666661,423,W 54 St & 9 Ave,40.76584941,-73.98690506,20267,Subscriber,1985,1,3/31/2016,1
161,275,3/31/2016 20:17,3/31/2016 20:21,79,Franklin St & W Broadway,40.71911552,-74.00666661,147,Greenwich St & Warren St,40.71542197,-74.01121978,15869,Subscriber,1986,1,3/31/2016,1
162,1197,3/31/2016 20:29,3/31/2016 20:49,79,Franklin St & W Broadway,40.71911552,-74.00666661,410,Suffolk St & Stanton St,40.72066442,-73.98517977,19222,Subscriber,1988,2,3/31/2016,1
163,1297,3/31/2016 20:36,3/31/2016 20:58,79,Franklin St & W Broadway,40.71911552,-74.00666661,391,Clark St & Henry St,40.69760127,-73.99344559,16026,Subscriber,1969,1,3/31/2016,1
164,188,3/31/2016 20:52,3/31/2016 20:55,79,Franklin St & W Broadway,40.71911552,-74.00666661,417,Barclay St & Church St,40.71291224,-74.01020234,15380,Subscriber,1970,1,3/31/2016,1
165,837,3/31/2016 21:22,3/31/2016 21:36,79,Franklin St & W Broadway,40.71911552,-74.00666661,462,W 22 St & 10 Ave,40.74691959,-74.00451887,15015,Subscriber,1975,1,3/31/2016,1
166,2631,3/31/2016 21:45,3/31/2016 22:29,79,Franklin St & W Broadway,40.71911552,-74.00666661,79,Franklin St & W Broadway,40.71911552,-74.00666661,21492,Customer,NA,0,3/31/2016,1
167,859,3/31/2016 21:55,3/31/2016 22:10,79,Franklin St & W Broadway,40.71911552,-74.00666661,334,W 20 St & 7 Ave,40.74238787,-73.99726235,16529,Subscriber,1991,1,3/31/2016,1
168,588,3/31/2016 22:06,3/31/2016 22:16,79,Franklin St & W Broadway,40.71911552,-74.00666661,335,Washington Pl & Broadway,40.72903917,-73.99404649,20767,Subscriber,1978,1,3/31/2016,1
169,220,3/31/2016 22:16,3/31/2016 22:19,79,Franklin St & W Broadway,40.71911552,-74.00666661,386,Centre St & Worth St,40.71494807,-74.00234482,18277,Subscriber,1961,1,3/31/2016,1
170,612,3/31/2016 23:08,3/31/2016 23:18,79,Franklin St & W Broadway,40.71911552,-74.00666661,380,W 4 St & 7 Ave S,40.73401143,-74.00293877,21492,Subscriber,1979,1,3/31/2016,1
171,246,3/31/2016 6:41,3/31/2016 6:45,82,St James Pl & Pearl St,40.71117416,-74.00016545,355,Bayard St & Baxter St,40.71602118,-73.99974372,16263,Subscriber,1972,1,3/31/2016,1
172,1297,3/31/2016 7:31,3/31/2016 7:53,82,St James Pl & Pearl St,40.71117416,-74.00016545,385,E 55 St & 2 Ave,40.75797322,-73.96603308,17718,Subscriber,1989,1,3/31/2016,1
173,272,3/31/2016 7:43,3/31/2016 7:47,82,St James Pl & Pearl St,40.71117416,-74.00016545,376,John St & William St,40.70862144,-74.00722156,14636,Subscriber,1972,1,3/31/2016,1
174,318,3/31/2016 7:47,3/31/2016 7:52,82,St James Pl & Pearl St,40.71117416,-74.00016545,360,William St & Pine St,40.70717936,-74.00887308,20052,Subscriber,1983,1,3/31/2016,1
175,577,3/31/2016 8:04,3/31/2016 8:14,82,St James Pl & Pearl St,40.71117416,-74.00016545,259,South St & Whitehall St,40.70122128,-74.01234218,15385,Subscriber,1989,1,3/31/2016,1
176,1142,3/31/2016 8:46,3/31/2016 9:05,82,St James Pl & Pearl St,40.71117416,-74.00016545,392,Jay St & Tech Pl,40.695065,-73.987167,17900,Subscriber,1966,2,3/31/2016,1
177,561,3/31/2016 9:08,3/31/2016 9:18,82,St James Pl & Pearl St,40.71117416,-74.00016545,502,Henry St & Grand St,40.714215,-73.981346,16835,Subscriber,1970,1,3/31/2016,1
178,410,3/31/2016 11:17,3/31/2016 11:23,82,St James Pl & Pearl St,40.71117416,-74.00016545,151,Cleveland Pl & Spring St,40.72210379,-73.99724901,16548,Subscriber,1983,1,3/31/2016,1
179,892,3/31/2016 11:34,3/31/2016 11:49,82,St James Pl & Pearl St,40.71117416,-74.00016545,426,West St & Chambers St,40.71754834,-74.01322069,16839,Subscriber,1945,1,3/31/2016,1
180,889,3/31/2016 11:34,3/31/2016 11:49,82,St James Pl & Pearl St,40.71117416,-74.00016545,426,West St & Chambers St,40.71754834,-74.01322069,18467,Subscriber,1957,2,3/31/2016,1
181,847,3/31/2016 11:35,3/31/2016 11:49,82,St James Pl & Pearl St,40.71117416,-74.00016545,82,St James Pl & Pearl St,40.71117416,-74.00016545,20130,Subscriber,1994,1,3/31/2016,1
182,578,3/31/2016 12:02,3/31/2016 12:11,82,St James Pl & Pearl St,40.71117416,-74.00016545,291,Madison St & Montgomery St,40.713126,-73.984844,20130,Subscriber,1985,1,3/31/2016,1
183,559,3/31/2016 12:15,3/31/2016 12:25,82,St James Pl & Pearl St,40.71117416,-74.00016545,250,Lafayette St & Jersey St,40.72456089,-73.99565293,18695,Subscriber,1969,1,3/31/2016,1
184,121,3/31/2016 12:35,3/31/2016 12:37,82,St James Pl & Pearl St,40.71117416,-74.00016545,308,St James Pl & Oliver St,40.71307916,-73.99851193,21076,Subscriber,1964,1,3/31/2016,1
185,1189,3/31/2016 13:11,3/31/2016 13:31,82,St James Pl & Pearl St,40.71117416,-74.00016545,2009,Catherine St & Monroe St,40.71117444,-73.99682619,18368,Subscriber,1958,1,3/31/2016,1
186,479,3/31/2016 13:19,3/31/2016 13:27,82,St James Pl & Pearl St,40.71117416,-74.00016545,387,Centre St & Chambers St,40.71273266,-74.0046073,18318,Customer,NA,0,3/31/2016,1
187,459,3/31/2016 13:19,3/31/2016 13:27,82,St James Pl & Pearl St,40.71117416,-74.00016545,387,Centre St & Chambers St,40.71273266,-74.0046073,15181,Customer,NA,0,3/31/2016,1
188,226,3/31/2016 15:23,3/31/2016 15:27,82,St James Pl & Pearl St,40.71117416,-74.00016545,386,Centre St & Worth St,40.71494807,-74.00234482,17846,Subscriber,1973,1,3/31/2016,1
189,636,3/31/2016 16:44,3/31/2016 16:55,82,St James Pl & Pearl St,40.71117416,-74.00016545,2009,Catherine St & Monroe St,40.71117444,-73.99682619,18410,Subscriber,1958,1,3/31/2016,1
190,230,3/31/2016 17:40,3/31/2016 17:44,82,St James Pl & Pearl St,40.71117416,-74.00016545,263,Elizabeth St & Hester St,40.71729,-73.996375,18416,Subscriber,1978,1,3/31/2016,1
191,312,3/31/2016 18:06,3/31/2016 18:11,82,St James Pl & Pearl St,40.71117416,-74.00016545,268,Howard St & Centre St,40.71910537,-73.99973337,14628,Subscriber,1970,2,3/31/2016,1
192,485,3/31/2016 19:21,3/31/2016 19:29,82,St James Pl & Pearl St,40.71117416,-74.00016545,332,Cherry St,40.71219906,-73.97948148,18919,Subscriber,1973,1,3/31/2016,1
193,1001,3/31/2016 19:22,3/31/2016 19:39,82,St James Pl & Pearl St,40.71117416,-74.00016545,433,E 13 St & Avenue A,40.72955361,-73.98057249,19501,Subscriber,1986,1,3/31/2016,1
194,122,3/31/2016 19:53,3/31/2016 19:55,82,St James Pl & Pearl St,40.71117416,-74.00016545,2009,Catherine St & Monroe St,40.71117444,-73.99682619,19019,Subscriber,1989,1,3/31/2016,1
195,1224,3/31/2016 20:25,3/31/2016 20:46,82,St James Pl & Pearl St,40.71117416,-74.00016545,494,W 26 St & 8 Ave,40.74734825,-73.99723551,21250,Subscriber,1967,1,3/31/2016,1
196,231,3/31/2016 20:56,3/31/2016 21:00,82,St James Pl & Pearl St,40.71117416,-74.00016545,296,Division St & Bowery,40.71413089,-73.9970468,15310,Subscriber,1996,1,3/31/2016,1
197,458,3/31/2016 21:07,3/31/2016 21:14,82,St James Pl & Pearl St,40.71117416,-74.00016545,350,Clinton St & Grand St,40.71559509,-73.9870295,17003,Subscriber,1991,1,3/31/2016,1
198,350,3/31/2016 21:09,3/31/2016 21:15,82,St James Pl & Pearl St,40.71117416,-74.00016545,291,Madison St & Montgomery St,40.713126,-73.984844,20130,Subscriber,1974,2,3/31/2016,1
199,1459,3/31/2016 21:22,3/31/2016 21:47,82,St James Pl & Pearl St,40.71117416,-74.00016545,475,E 16 St & Irving Pl,40.73524276,-73.98758561,18061,Subscriber,1989,2,3/31/2016,1
200,238,3/31/2016 22:47,3/31/2016 22:51,82,St James Pl & Pearl St,40.71117416,-74.00016545,351,Front St & Maiden Ln,40.70530954,-74.00612572,21040,Subscriber,1983,1,3/31/2016,1
201,820,3/31/2016 23:43,3/31/2016 23:57,82,St James Pl & Pearl St,40.71117416,-74.00016545,411,E 6 St & Avenue D,40.72228087,-73.97668709,17977,Subscriber,1976,1,3/31/2016,1
202,318,3/31/2016 2:48,3/31/2016 2:54,83,Atlantic Ave & Fort Greene Pl,40.68382604,-73.97632328,384,Fulton St & Washington Ave,40.683048,-73.964915,15122,Subscriber,1985,1,3/31/2016,1
203,2194,3/31/2016 6:34,3/31/2016 7:11,83,Atlantic Ave & Fort Greene Pl,40.68382604,-73.97632328,3113,Greenpoint Ave & Manhattan Ave,40.73026,-73.95394,18451,Subscriber,1956,2,3/31/2016,1
204,134,3/31/2016 7:26,3/31/2016 7:28,83,Atlantic Ave & Fort Greene Pl,40.68382604,-73.97632328,274,Lafayette Ave & Fort Greene Pl,40.68691865,-73.976682,18401,Subscriber,1978,2,3/31/2016,1
205,491,3/31/2016 8:15,3/31/2016 8:23,83,Atlantic Ave & Fort Greene Pl,40.68382604,-73.97632328,242,Carlton Ave & Flushing Ave,40.697787,-73.973736,16460,Subscriber,1991,1,3/31/2016,1
206,1516,3/31/2016 8:20,3/31/2016 8:45,83,Atlantic Ave & Fort Greene Pl,40.68382604,-73.97632328,249,Harrison St & Hudson St,40.71870987,-74.0090009,14596,Subscriber,1986,1,3/31/2016,1
207,450,3/31/2016 9:42,3/31/2016 9:49,83,Atlantic Ave & Fort Greene Pl,40.68382604,-73.97632328,242,Carlton Ave & Flushing Ave,40.697787,-73.973736,21688,Subscriber,1990,1,3/31/2016,1
208,352,3/31/2016 10:23,3/31/2016 10:29,83,Atlantic Ave & Fort Greene Pl,40.68382604,-73.97632328,258,DeKalb Ave & Vanderbilt Ave,40.68940747,-73.96885458,20053,Subscriber,1971,1,3/31/2016,1
209,823,3/31/2016 10:28,3/31/2016 10:42,83,Atlantic Ave & Fort Greene Pl,40.68382604,-73.97632328,2000,Front St & Washington St,40.70255088,-73.98940236,20906,Subscriber,1992,1,3/31/2016,1
210,487,3/31/2016 13:35,3/31/2016 13:44,83,Atlantic Ave & Fort Greene Pl,40.68382604,-73.97632328,323,Lawrence St & Willoughby St,40.69236178,-73.98631746,15574,Subscriber,1987,1,3/31/2016,1
211,1634,3/31/2016 14:45,3/31/2016 15:12,83,Atlantic Ave & Fort Greene Pl,40.68382604,-73.97632328,251,Mott St & Prince St,40.72317958,-73.99480012,20644,Customer,NA,0,3/31/2016,1
212,185,3/31/2016 15:05,3/31/2016 15:08,83,Atlantic Ave & Fort Greene Pl,40.68382604,-73.97632328,298,3 Ave & Schermerhorn St,40.68683208,-73.9796772,19141,Subscriber,1971,1,3/31/2016,1
213,629,3/31/2016 15:08,3/31/2016 15:19,83,Atlantic Ave & Fort Greene Pl,40.68382604,-73.97632328,409,DeKalb Ave & Skillman St,40.6906495,-73.95643107,14740,Subscriber,1977,1,3/31/2016,1
214,1461,3/31/2016 15:32,3/31/2016 15:57,83,Atlantic Ave & Fort Greene Pl,40.68382604,-73.97632328,3077,Stagg St & Union Ave,40.70877084,-73.95095259,20053,Subscriber,1991,1,3/31/2016,1
215,236,3/31/2016 15:55,3/31/2016 15:59,83,Atlantic Ave & Fort Greene Pl,40.68382604,-73.97632328,395,Bond St & Schermerhorn St,40.68807003,-73.98410637,21216,Subscriber,1987,1,3/31/2016,1
216,703,3/31/2016 16:15,3/31/2016 16:27,83,Atlantic Ave & Fort Greene Pl,40.68382604,-73.97632328,157,Henry St & Atlantic Ave,40.69089272,-73.99612349,17261,Customer,NA,0,3/31/2016,1
217,687,3/31/2016 16:15,3/31/2016 16:27,83,Atlantic Ave & Fort Greene Pl,40.68382604,-73.97632328,157,Henry St & Atlantic Ave,40.69089272,-73.99612349,19577,Customer,NA,0,3/31/2016,1
218,563,3/31/2016 16:26,3/31/2016 16:35,83,Atlantic Ave & Fort Greene Pl,40.68382604,-73.97632328,157,Henry St & Atlantic Ave,40.69089272,-73.99612349,19971,Customer,NA,0,3/31/2016,1
219,502,3/31/2016 17:47,3/31/2016 17:55,83,Atlantic Ave & Fort Greene Pl,40.68382604,-73.97632328,258,DeKalb Ave & Vanderbilt Ave,40.68940747,-73.96885458,19868,Subscriber,1982,1,3/31/2016,1
220,1045,3/31/2016 18:15,3/31/2016 18:32,83,Atlantic Ave & Fort Greene Pl,40.68382604,-73.97632328,244,Willoughby Ave & Hall St,40.69196035,-73.96536851,19880,Subscriber,1955,1,3/31/2016,1
221,231,3/31/2016 18:27,3/31/2016 18:30,83,Atlantic Ave & Fort Greene Pl,40.68382604,-73.97632328,397,Fulton St & Clermont Ave,40.68415748,-73.96922273,17285,Subscriber,1966,1,3/31/2016,1
222,557,3/31/2016 18:52,3/31/2016 19:02,83,Atlantic Ave & Fort Greene Pl,40.68382604,-73.97632328,143,Clinton St & Joralemon St,40.69239502,-73.99337909,17227,Subscriber,1976,1,3/31/2016,1
223,857,3/31/2016 19:10,3/31/2016 19:25,83,Atlantic Ave & Fort Greene Pl,40.68382604,-73.97632328,396,Lefferts Pl & Franklin Ave,40.68034242,-73.95576894,14607,Subscriber,1982,1,3/31/2016,1
224,748,3/31/2016 19:15,3/31/2016 19:27,83,Atlantic Ave & Fort Greene Pl,40.68382604,-73.97632328,437,Macon St & Nostrand Ave,40.68098339,-73.95004798,17838,Subscriber,1970,1,3/31/2016,1
225,582,3/31/2016 19:26,3/31/2016 19:35,83,Atlantic Ave & Fort Greene Pl,40.68382604,-73.97632328,364,Lafayette Ave & Classon Ave,40.68900443,-73.96023854,16279,Subscriber,1956,2,3/31/2016,1
226,456,3/31/2016 21:03,3/31/2016 21:11,83,Atlantic Ave & Fort Greene Pl,40.68382604,-73.97632328,384,Fulton St & Washington Ave,40.683048,-73.964915,17587,Subscriber,1979,1,3/31/2016,1
227,309,3/31/2016 21:15,3/31/2016 21:20,83,Atlantic Ave & Fort Greene Pl,40.68382604,-73.97632328,399,Lafayette Ave & St James Pl,40.68851534,-73.9647628,21146,Subscriber,1990,1,3/31/2016,1
228,1608,3/31/2016 21:37,3/31/2016 22:04,83,Atlantic Ave & Fort Greene Pl,40.68382604,-73.97632328,483,E 12 St & 3 Ave,40.73223272,-73.98889957,15773,Subscriber,1989,1,3/31/2016,1
229,671,3/31/2016 21:39,3/31/2016 21:50,83,Atlantic Ave & Fort Greene Pl,40.68382604,-73.97632328,143,Clinton St & Joralemon St,40.69239502,-73.99337909,24157,Subscriber,1974,1,3/31/2016,1
230,616,3/31/2016 21:39,3/31/2016 21:50,83,Atlantic Ave & Fort Greene Pl,40.68382604,-73.97632328,143,Clinton St & Joralemon St,40.69239502,-73.99337909,16701,Subscriber,1962,1,3/31/2016,1
231,368,3/31/2016 21:41,3/31/2016 21:47,83,Atlantic Ave & Fort Greene Pl,40.68382604,-73.97632328,323,Lawrence St & Willoughby St,40.69236178,-73.98631746,16054,Subscriber,1967,1,3/31/2016,1
232,459,3/31/2016 21:42,3/31/2016 21:50,83,Atlantic Ave & Fort Greene Pl,40.68382604,-73.97632328,143,Clinton St & Joralemon St,40.69239502,-73.99337909,18173,Subscriber,1986,1,3/31/2016,1
233,1311,3/31/2016 21:44,3/31/2016 22:06,83,Atlantic Ave & Fort Greene Pl,40.68382604,-73.97632328,3016,Kent Ave & N 7 St,40.72072553,-73.96125913,19194,Subscriber,1968,1,3/31/2016,1
234,512,3/31/2016 21:52,3/31/2016 22:01,83,Atlantic Ave & Fort Greene Pl,40.68382604,-73.97632328,289,Monroe St & Classon Ave,40.6845683,-73.95881081,15455,Subscriber,1986,1,3/31/2016,1
235,315,3/31/2016 21:54,3/31/2016 22:00,83,Atlantic Ave & Fort Greene Pl,40.68382604,-73.97632328,274,Lafayette Ave & Fort Greene Pl,40.68691865,-73.976682,17111,Subscriber,1986,1,3/31/2016,1
236,1515,3/31/2016 22:25,3/31/2016 22:50,83,Atlantic Ave & Fort Greene Pl,40.68382604,-73.97632328,3110,Meserole Ave & Manhattan Ave,40.72708584,-73.95299117,15276,Subscriber,1984,1,3/31/2016,1
237,443,3/31/2016 23:18,3/31/2016 23:26,83,Atlantic Ave & Fort Greene Pl,40.68382604,-73.97632328,244,Willoughby Ave & Hall St,40.69196035,-73.96536851,18915,Subscriber,1971,1,3/31/2016,1
238,245,3/31/2016 0:37,3/31/2016 0:41,116,W 17 St & 8 Ave,40.74177603,-74.00149746,462,W 22 St & 10 Ave,40.74691959,-74.00451887,16155,Subscriber,1993,2,3/31/2016,1
239,653,3/31/2016 2:49,3/31/2016 3:00,116,W 17 St & 8 Ave,40.74177603,-74.00149746,236,St Marks Pl & 2 Ave,40.7284186,-73.98713956,17663,Subscriber,1994,1,3/31/2016,1
240,299,3/31/2016 5:58,3/31/2016 6:03,116,W 17 St & 8 Ave,40.74177603,-74.00149746,521,8 Ave & W 31 St,40.75096735,-73.99444208,21035,Subscriber,1990,1,3/31/2016,1
241,304,3/31/2016 6:04,3/31/2016 6:09,116,W 17 St & 8 Ave,40.74177603,-74.00149746,521,8 Ave & W 31 St,40.75096735,-73.99444208,19148,Subscriber,1988,1,3/31/2016,1
242,577,3/31/2016 6:13,3/31/2016 6:23,116,W 17 St & 8 Ave,40.74177603,-74.00149746,153,E 40 St & 5 Ave,40.75206231,-73.9816324,16314,Subscriber,1974,1,3/31/2016,1
243,634,3/31/2016 6:17,3/31/2016 6:27,116,W 17 St & 8 Ave,40.74177603,-74.00149746,2021,W 45 St & 8 Ave,40.75929124,-73.98859651,17533,Subscriber,1978,1,3/31/2016,1
244,198,3/31/2016 6:48,3/31/2016 6:51,116,W 17 St & 8 Ave,40.74177603,-74.00149746,168,W 18 St & 6 Ave,40.73971301,-73.99456405,15763,Subscriber,1965,1,3/31/2016,1
245,906,3/31/2016 7:15,3/31/2016 7:30,116,W 17 St & 8 Ave,40.74177603,-74.00149746,536,1 Ave & E 30 St,40.74144387,-73.97536082,18847,Subscriber,1989,2,3/31/2016,1
246,180,3/31/2016 7:24,3/31/2016 7:27,116,W 17 St & 8 Ave,40.74177603,-74.00149746,212,W 16 St & The High Line,40.74334935,-74.00681753,20337,Subscriber,1955,2,3/31/2016,1
247,424,3/31/2016 7:37,3/31/2016 7:44,116,W 17 St & 8 Ave,40.74177603,-74.00149746,253,W 13 St & 5 Ave,40.73543934,-73.99453948,14580,Subscriber,1966,1,3/31/2016,1
248,1235,3/31/2016 7:40,3/31/2016 8:00,116,W 17 St & 8 Ave,40.74177603,-74.00149746,327,Vesey Pl & River Terrace,40.7153379,-74.01658354,18134,Subscriber,1988,2,3/31/2016,1
249,784,3/31/2016 7:42,3/31/2016 7:55,116,W 17 St & 8 Ave,40.74177603,-74.00149746,447,8 Ave & W 52 St,40.76370739,-73.9851615,21259,Subscriber,1959,1,3/31/2016,1
250,953,3/31/2016 7:50,3/31/2016 8:06,116,W 17 St & 8 Ave,40.74177603,-74.00149746,468,Broadway & W 55 St,40.7652654,-73.98192338,20952,Subscriber,1986,1,3/31/2016,1
251,550,3/31/2016 7:52,3/31/2016 8:01,116,W 17 St & 8 Ave,40.74177603,-74.00149746,297,E 15 St & 3 Ave,40.734232,-73.986923,16485,Subscriber,1985,2,3/31/2016,1
252,794,3/31/2016 8:00,3/31/2016 8:13,116,W 17 St & 8 Ave,40.74177603,-74.00149746,465,Broadway & W 41 St,40.75513557,-73.98658032,20153,Subscriber,1982,2,3/31/2016,1
253,305,3/31/2016 8:10,3/31/2016 8:15,116,W 17 St & 8 Ave,40.74177603,-74.00149746,521,8 Ave & W 31 St,40.75096735,-73.99444208,19937,Subscriber,1980,0,3/31/2016,1
254,846,3/31/2016 8:13,3/31/2016 8:27,116,W 17 St & 8 Ave,40.74177603,-74.00149746,545,E 23 St & 1 Ave,40.736502,-73.97809472,19861,Subscriber,1970,1,3/31/2016,1
255,370,3/31/2016 8:29,3/31/2016 8:35,116,W 17 St & 8 Ave,40.74177603,-74.00149746,254,W 11 St & 6 Ave,40.73532427,-73.99800419,16172,Subscriber,1986,1,3/31/2016,1
256,969,3/31/2016 8:32,3/31/2016 8:48,116,W 17 St & 8 Ave,40.74177603,-74.00149746,456,E 53 St & Madison Ave,40.7597108,-73.97402311,18700,Subscriber,1981,1,3/31/2016,1
257,607,3/31/2016 8:34,3/31/2016 8:44,116,W 17 St & 8 Ave,40.74177603,-74.00149746,472,E 32 St & Park Ave,40.7457121,-73.98194829,14816,Subscriber,1983,1,3/31/2016,1
258,1385,3/31/2016 8:34,3/31/2016 8:57,116,W 17 St & 8 Ave,40.74177603,-74.00149746,195,Liberty St & Broadway,40.70905623,-74.01043382,17651,Subscriber,1992,1,3/31/2016,1
259,426,3/31/2016 8:35,3/31/2016 8:42,116,W 17 St & 8 Ave,40.74177603,-74.00149746,357,E 11 St & Broadway,40.73261787,-73.99158043,19041,Subscriber,1981,2,3/31/2016,1
260,188,3/31/2016 8:35,3/31/2016 8:38,116,W 17 St & 8 Ave,40.74177603,-74.00149746,212,W 16 St & The High Line,40.74334935,-74.00681753,19708,Subscriber,1955,2,3/31/2016,1
261,1361,3/31/2016 8:40,3/31/2016 9:02,116,W 17 St & 8 Ave,40.74177603,-74.00149746,320,Leonard St & Church St,40.717571,-74.005549,14822,Subscriber,1986,1,3/31/2016,1
262,473,3/31/2016 8:49,3/31/2016 8:57,116,W 17 St & 8 Ave,40.74177603,-74.00149746,521,8 Ave & W 31 St,40.75096735,-73.99444208,15718,Subscriber,1966,1,3/31/2016,1
263,336,3/31/2016 8:50,3/31/2016 8:56,116,W 17 St & 8 Ave,40.74177603,-74.00149746,238,Bank St & Washington St,40.7361967,-74.00859207,21159,Subscriber,1969,2,3/31/2016,1
264,655,3/31/2016 8:51,3/31/2016 9:02,116,W 17 St & 8 Ave,40.74177603,-74.00149746,546,E 30 St & Park Ave S,40.74444921,-73.98303529,19002,Subscriber,1988,1,3/31/2016,1
265,393,3/31/2016 8:53,3/31/2016 9:00,116,W 17 St & 8 Ave,40.74177603,-74.00149746,388,W 26 St & 10 Ave,40.74971775,-74.00295035,17806,Subscriber,1992,1,3/31/2016,1
266,253,3/31/2016 9:05,3/31/2016 9:09,116,W 17 St & 8 Ave,40.74177603,-74.00149746,168,W 18 St & 6 Ave,40.73971301,-73.99456405,14913,Subscriber,1963,1,3/31/2016,1
267,988,3/31/2016 9:05,3/31/2016 9:21,116,W 17 St & 8 Ave,40.74177603,-74.00149746,173,Broadway & W 49 St,40.76068327,-73.98452729,18784,Subscriber,1984,1,3/31/2016,1
268,271,3/31/2016 9:08,3/31/2016 9:12,116,W 17 St & 8 Ave,40.74177603,-74.00149746,521,8 Ave & W 31 St,40.75096735,-73.99444208,18021,Subscriber,1960,1,3/31/2016,1
269,1998,3/31/2016 9:08,3/31/2016 9:41,116,W 17 St & 8 Ave,40.74177603,-74.00149746,3135,E 75 St & 3 Ave,40.77112927,-73.95772297,15392,Subscriber,1959,1,3/31/2016,1
270,237,3/31/2016 9:09,3/31/2016 9:13,116,W 17 St & 8 Ave,40.74177603,-74.00149746,459,W 20 St & 11 Ave,40.746745,-74.007756,15771,Subscriber,1964,1,3/31/2016,1
271,336,3/31/2016 9:10,3/31/2016 9:16,116,W 17 St & 8 Ave,40.74177603,-74.00149746,368,Carmine St & 6 Ave,40.73038599,-74.00214988,19019,Subscriber,1978,1,3/31/2016,1
272,244,3/31/2016 9:15,3/31/2016 9:19,116,W 17 St & 8 Ave,40.74177603,-74.00149746,459,W 20 St & 11 Ave,40.746745,-74.007756,16047,Subscriber,1970,1,3/31/2016,1
273,249,3/31/2016 9:15,3/31/2016 9:19,116,W 17 St & 8 Ave,40.74177603,-74.00149746,496,E 16 St & 5 Ave,40.73726186,-73.99238967,21075,Subscriber,1976,1,3/31/2016,1
274,1028,3/31/2016 9:15,3/31/2016 9:32,116,W 17 St & 8 Ave,40.74177603,-74.00149746,360,William St & Pine St,40.70717936,-74.00887308,16751,Subscriber,1984,1,3/31/2016,1
275,272,3/31/2016 9:19,3/31/2016 9:23,116,W 17 St & 8 Ave,40.74177603,-74.00149746,345,W 13 St & 6 Ave,40.73649403,-73.99704374,21256,Subscriber,1978,1,3/31/2016,1
276,189,3/31/2016 9:21,3/31/2016 9:24,116,W 17 St & 8 Ave,40.74177603,-74.00149746,168,W 18 St & 6 Ave,40.73971301,-73.99456405,18739,Subscriber,1972,1,3/31/2016,1
277,339,3/31/2016 9:24,3/31/2016 9:30,116,W 17 St & 8 Ave,40.74177603,-74.00149746,388,W 26 St & 10 Ave,40.74971775,-74.00295035,20790,Subscriber,1989,1,3/31/2016,1
278,479,3/31/2016 9:27,3/31/2016 9:35,116,W 17 St & 8 Ave,40.74177603,-74.00149746,486,Broadway & W 29 St,40.7462009,-73.98855723,16992,Customer,NA,0,3/31/2016,1
279,1001,3/31/2016 9:28,3/31/2016 9:45,116,W 17 St & 8 Ave,40.74177603,-74.00149746,352,W 56 St & 6 Ave,40.76340613,-73.97722479,18568,Subscriber,1974,1,3/31/2016,1
280,1063,3/31/2016 9:29,3/31/2016 9:47,116,W 17 St & 8 Ave,40.74177603,-74.00149746,153,E 40 St & 5 Ave,40.75206231,-73.9816324,17606,Subscriber,1961,2,3/31/2016,1
281,2472,3/31/2016 9:33,3/31/2016 10:14,116,W 17 St & 8 Ave,40.74177603,-74.00149746,493,W 45 St & 6 Ave,40.7568001,-73.98291153,18549,Subscriber,1978,1,3/31/2016,1
282,613,3/31/2016 9:35,3/31/2016 9:45,116,W 17 St & 8 Ave,40.74177603,-74.00149746,524,W 43 St & 6 Ave,40.75527307,-73.98316936,20586,Subscriber,1987,1,3/31/2016,1
283,253,3/31/2016 9:38,3/31/2016 9:43,116,W 17 St & 8 Ave,40.74177603,-74.00149746,446,W 24 St & 7 Ave,40.74487634,-73.99529885,17780,Subscriber,1959,1,3/31/2016,1
284,367,3/31/2016 9:41,3/31/2016 9:47,116,W 17 St & 8 Ave,40.74177603,-74.00149746,489,10 Ave & W 28 St,40.75066386,-74.00176802,18136,Subscriber,1963,1,3/31/2016,1
285,402,3/31/2016 9:52,3/31/2016 9:59,116,W 17 St & 8 Ave,40.74177603,-74.00149746,489,10 Ave & W 28 St,40.75066386,-74.00176802,19922,Subscriber,1955,2,3/31/2016,1
286,472,3/31/2016 9:54,3/31/2016 10:02,116,W 17 St & 8 Ave,40.74177603,-74.00149746,402,Broadway & E 22 St,40.7403432,-73.98955109,17272,Subscriber,1977,1,3/31/2016,1
287,992,3/31/2016 9:54,3/31/2016 10:11,116,W 17 St & 8 Ave,40.74177603,-74.00149746,485,W 37 St & 5 Ave,40.75038009,-73.98338988,15259,Subscriber,1965,1,3/31/2016,1
288,123,3/31/2016 9:54,3/31/2016 9:56,116,W 17 St & 8 Ave,40.74177603,-74.00149746,212,W 16 St & The High Line,40.74334935,-74.00681753,19305,Subscriber,1965,1,3/31/2016,1
289,314,3/31/2016 9:57,3/31/2016 10:02,116,W 17 St & 8 Ave,40.74177603,-74.00149746,521,8 Ave & W 31 St,40.75096735,-73.99444208,15176,Subscriber,1978,2,3/31/2016,1
290,1230,3/31/2016 9:57,3/31/2016 10:18,116,W 17 St & 8 Ave,40.74177603,-74.00149746,401,Allen St & Rivington St,40.72019576,-73.98997825,14851,Subscriber,1983,2,3/31/2016,1
291,220,3/31/2016 9:58,3/31/2016 10:02,116,W 17 St & 8 Ave,40.74177603,-74.00149746,459,W 20 St & 11 Ave,40.746745,-74.007756,20537,Subscriber,1971,1,3/31/2016,1
292,540,3/31/2016 9:58,3/31/2016 10:07,116,W 17 St & 8 Ave,40.74177603,-74.00149746,285,Broadway & E 14 St,40.73454567,-73.99074142,16550,Subscriber,1956,1,3/31/2016,1
293,191,3/31/2016 10:01,3/31/2016 10:04,116,W 17 St & 8 Ave,40.74177603,-74.00149746,3224,W 13 St & Hudson St,40.73997354,-74.00513873,18414,Subscriber,1993,1,3/31/2016,1
294,1070,3/31/2016 10:03,3/31/2016 10:21,116,W 17 St & 8 Ave,40.74177603,-74.00149746,457,Broadway & W 58 St,40.76695317,-73.98169333,16823,Subscriber,1969,2,3/31/2016,1
295,282,3/31/2016 10:06,3/31/2016 10:11,116,W 17 St & 8 Ave,40.74177603,-74.00149746,521,8 Ave & W 31 St,40.75096735,-73.99444208,15228,Subscriber,1987,2,3/31/2016,1
296,1050,3/31/2016 10:07,3/31/2016 10:24,116,W 17 St & 8 Ave,40.74177603,-74.00149746,500,Broadway & W 51 St,40.76228826,-73.98336183,20179,Subscriber,1961,1,3/31/2016,1
297,241,3/31/2016 10:20,3/31/2016 10:24,116,W 17 St & 8 Ave,40.74177603,-74.00149746,462,W 22 St & 10 Ave,40.74691959,-74.00451887,17539,Subscriber,1986,2,3/31/2016,1
298,323,3/31/2016 10:23,3/31/2016 10:28,116,W 17 St & 8 Ave,40.74177603,-74.00149746,388,W 26 St & 10 Ave,40.74971775,-74.00295035,18745,Subscriber,1989,1,3/31/2016,1
299,682,3/31/2016 10:27,3/31/2016 10:38,116,W 17 St & 8 Ave,40.74177603,-74.00149746,433,E 13 St & Avenue A,40.72955361,-73.98057249,15476,Subscriber,1956,2,3/31/2016,1
300,461,3/31/2016 10:43,3/31/2016 10:51,116,W 17 St & 8 Ave,40.74177603,-74.00149746,388,W 26 St & 10 Ave,40.74971775,-74.00295035,21695,Subscriber,1980,1,3/31/2016,1
301,493,3/31/2016 11:11,3/31/2016 11:20,116,W 17 St & 8 Ave,40.74177603,-74.00149746,402,Broadway & E 22 St,40.7403432,-73.98955109,14839,Subscriber,1983,1,3/31/2016,1
302,466,3/31/2016 11:17,3/31/2016 11:25,116,W 17 St & 8 Ave,40.74177603,-74.00149746,496,E 16 St & 5 Ave,40.73726186,-73.99238967,18664,Subscriber,1972,1,3/31/2016,1
303,251,3/31/2016 11:20,3/31/2016 11:24,116,W 17 St & 8 Ave,40.74177603,-74.00149746,459,W 20 St & 11 Ave,40.746745,-74.007756,18852,Subscriber,1977,2,3/31/2016,1
304,306,3/31/2016 11:20,3/31/2016 11:25,116,W 17 St & 8 Ave,40.74177603,-74.00149746,521,8 Ave & W 31 St,40.75096735,-73.99444208,21116,Subscriber,1991,2,3/31/2016,1
305,144,3/31/2016 11:25,3/31/2016 11:27,116,W 17 St & 8 Ave,40.74177603,-74.00149746,453,W 22 St & 8 Ave,40.74475148,-73.99915362,20793,Subscriber,1958,1,3/31/2016,1
306,1110,3/31/2016 11:29,3/31/2016 11:48,116,W 17 St & 8 Ave,40.74177603,-74.00149746,477,W 41 St & 8 Ave,40.75640548,-73.9900262,16133,Subscriber,1987,2,3/31/2016,1
307,1318,3/31/2016 11:40,3/31/2016 12:02,116,W 17 St & 8 Ave,40.74177603,-74.00149746,356,Bialystoker Pl & Delancey St,40.71622644,-73.98261206,18410,Subscriber,1971,2,3/31/2016,1
308,1130,3/31/2016 11:44,3/31/2016 12:03,116,W 17 St & 8 Ave,40.74177603,-74.00149746,513,W 56 St & 10 Ave,40.768254,-73.988639,20058,Subscriber,1945,1,3/31/2016,1
309,286,3/31/2016 11:45,3/31/2016 11:50,116,W 17 St & 8 Ave,40.74177603,-74.00149746,388,W 26 St & 10 Ave,40.74971775,-74.00295035,18825,Subscriber,1988,1,3/31/2016,1
310,547,3/31/2016 11:48,3/31/2016 11:57,116,W 17 St & 8 Ave,40.74177603,-74.00149746,253,W 13 St & 5 Ave,40.73543934,-73.99453948,19175,Subscriber,1990,2,3/31/2016,1
311,366,3/31/2016 11:50,3/31/2016 11:56,116,W 17 St & 8 Ave,40.74177603,-74.00149746,442,W 27 St & 7 Ave,40.746647,-73.993915,17107,Subscriber,1977,1,3/31/2016,1
312,1041,3/31/2016 11:50,3/31/2016 12:08,116,W 17 St & 8 Ave,40.74177603,-74.00149746,445,E 10 St & Avenue A,40.72740794,-73.98142006,15822,Subscriber,1962,1,3/31/2016,1
313,711,3/31/2016 11:57,3/31/2016 12:09,116,W 17 St & 8 Ave,40.74177603,-74.00149746,537,Lexington Ave & E 24 St,40.74025878,-73.98409214,16781,Subscriber,1971,1,3/31/2016,1
314,479,3/31/2016 12:04,3/31/2016 12:12,116,W 17 St & 8 Ave,40.74177603,-74.00149746,444,Broadway & W 24 St,40.7423543,-73.98915076,17873,Subscriber,1990,2,3/31/2016,1
315,237,3/31/2016 12:06,3/31/2016 12:10,116,W 17 St & 8 Ave,40.74177603,-74.00149746,494,W 26 St & 8 Ave,40.74734825,-73.99723551,16868,Subscriber,1984,1,3/31/2016,1
316,346,3/31/2016 12:06,3/31/2016 12:12,116,W 17 St & 8 Ave,40.74177603,-74.00149746,489,10 Ave & W 28 St,40.75066386,-74.00176802,21079,Subscriber,1991,2,3/31/2016,1
317,201,3/31/2016 12:09,3/31/2016 12:12,116,W 17 St & 8 Ave,40.74177603,-74.00149746,212,W 16 St & The High Line,40.74334935,-74.00681753,14733,Subscriber,1986,1,3/31/2016,1
318,522,3/31/2016 12:09,3/31/2016 12:17,116,W 17 St & 8 Ave,40.74177603,-74.00149746,503,E 20 St & Park Ave,40.73827428,-73.98751968,16093,Subscriber,1966,2,3/31/2016,1
319,285,3/31/2016 12:19,3/31/2016 12:23,116,W 17 St & 8 Ave,40.74177603,-74.00149746,383,Greenwich Ave & Charles St,40.735238,-74.000271,21398,Subscriber,1983,1,3/31/2016,1
320,252,3/31/2016 12:25,3/31/2016 12:29,116,W 17 St & 8 Ave,40.74177603,-74.00149746,494,W 26 St & 8 Ave,40.74734825,-73.99723551,16779,Subscriber,1968,2,3/31/2016,1
321,520,3/31/2016 12:34,3/31/2016 12:43,116,W 17 St & 8 Ave,40.74177603,-74.00149746,466,W 25 St & 6 Ave,40.74395411,-73.99144871,15553,Subscriber,1967,1,3/31/2016,1
322,959,3/31/2016 12:41,3/31/2016 12:57,116,W 17 St & 8 Ave,40.74177603,-74.00149746,2021,W 45 St & 8 Ave,40.75929124,-73.98859651,20125,Subscriber,1978,1,3/31/2016,1
323,275,3/31/2016 12:42,3/31/2016 12:47,116,W 17 St & 8 Ave,40.74177603,-74.00149746,435,W 21 St & 6 Ave,40.74173969,-73.99415556,20694,Subscriber,1971,1,3/31/2016,1
324,591,3/31/2016 12:50,3/31/2016 12:59,116,W 17 St & 8 Ave,40.74177603,-74.00149746,526,E 33 St & 5 Ave,40.74765947,-73.98490707,24773,Subscriber,1988,1,3/31/2016,1
325,191,3/31/2016 12:50,3/31/2016 12:53,116,W 17 St & 8 Ave,40.74177603,-74.00149746,463,9 Ave & W 16 St,40.74206539,-74.00443172,20791,Subscriber,1970,1,3/31/2016,1
326,371,3/31/2016 13:00,3/31/2016 13:06,116,W 17 St & 8 Ave,40.74177603,-74.00149746,247,Perry St & Bleecker St,40.73535398,-74.00483091,16047,Subscriber,1975,1,3/31/2016,1
327,613,3/31/2016 13:17,3/31/2016 13:27,116,W 17 St & 8 Ave,40.74177603,-74.00149746,458,11 Ave & W 27 St,40.751396,-74.005226,19959,Subscriber,1963,1,3/31/2016,1
328,189,3/31/2016 13:21,3/31/2016 13:24,116,W 17 St & 8 Ave,40.74177603,-74.00149746,225,W 14 St & The High Line,40.74195138,-74.00803013,21079,Subscriber,1988,1,3/31/2016,1
329,259,3/31/2016 13:22,3/31/2016 13:26,116,W 17 St & 8 Ave,40.74177603,-74.00149746,459,W 20 St & 11 Ave,40.746745,-74.007756,17124,Subscriber,1988,1,3/31/2016,1
330,121,3/31/2016 13:24,3/31/2016 13:26,116,W 17 St & 8 Ave,40.74177603,-74.00149746,463,9 Ave & W 16 St,40.74206539,-74.00443172,14733,Subscriber,1954,1,3/31/2016,1
331,675,3/31/2016 13:40,3/31/2016 13:52,116,W 17 St & 8 Ave,40.74177603,-74.00149746,347,Greenwich St & W Houston St,40.728846,-74.008591,14586,Subscriber,1982,1,3/31/2016,1
332,314,3/31/2016 13:41,3/31/2016 13:47,116,W 17 St & 8 Ave,40.74177603,-74.00149746,459,W 20 St & 11 Ave,40.746745,-74.007756,20741,Subscriber,1956,1,3/31/2016,1
333,934,3/31/2016 13:52,3/31/2016 14:07,116,W 17 St & 8 Ave,40.74177603,-74.00149746,474,5 Ave & E 29 St,40.7451677,-73.98683077,16506,Subscriber,1986,1,3/31/2016,1
334,693,3/31/2016 13:59,3/31/2016 14:10,116,W 17 St & 8 Ave,40.74177603,-74.00149746,116,W 17 St & 8 Ave,40.74177603,-74.00149746,16444,Customer,NA,0,3/31/2016,1
335,679,3/31/2016 13:59,3/31/2016 14:10,116,W 17 St & 8 Ave,40.74177603,-74.00149746,116,W 17 St & 8 Ave,40.74177603,-74.00149746,19017,Subscriber,1968,2,3/31/2016,1
336,996,3/31/2016 14:11,3/31/2016 14:27,116,W 17 St & 8 Ave,40.74177603,-74.00149746,153,E 40 St & 5 Ave,40.75206231,-73.9816324,21084,Subscriber,1955,1,3/31/2016,1
337,215,3/31/2016 14:11,3/31/2016 14:15,116,W 17 St & 8 Ave,40.74177603,-74.00149746,494,W 26 St & 8 Ave,40.74734825,-73.99723551,19478,Subscriber,1998,1,3/31/2016,1
338,2745,3/31/2016 14:13,3/31/2016 14:59,116,W 17 St & 8 Ave,40.74177603,-74.00149746,450,W 49 St & 8 Ave,40.76227205,-73.98788205,18136,Subscriber,1968,2,3/31/2016,1
339,2721,3/31/2016 14:13,3/31/2016 14:59,116,W 17 St & 8 Ave,40.74177603,-74.00149746,450,W 49 St & 8 Ave,40.76227205,-73.98788205,20827,Customer,NA,0,3/31/2016,1
340,2261,3/31/2016 14:20,3/31/2016 14:58,116,W 17 St & 8 Ave,40.74177603,-74.00149746,116,W 17 St & 8 Ave,40.74177603,-74.00149746,19591,Subscriber,1956,1,3/31/2016,1
341,377,3/31/2016 14:23,3/31/2016 14:29,116,W 17 St & 8 Ave,40.74177603,-74.00149746,497,E 17 St & Broadway,40.73704984,-73.99009296,16444,Subscriber,1964,0,3/31/2016,1
342,823,3/31/2016 14:40,3/31/2016 14:53,116,W 17 St & 8 Ave,40.74177603,-74.00149746,540,Lexington Ave & E 29 St,40.74311555,-73.98215353,18654,Subscriber,1962,1,3/31/2016,1
343,218,3/31/2016 14:42,3/31/2016 14:46,116,W 17 St & 8 Ave,40.74177603,-74.00149746,223,W 13 St & 7 Ave,40.73781509,-73.99994661,16455,Subscriber,1960,2,3/31/2016,1
344,399,3/31/2016 14:54,3/31/2016 15:00,116,W 17 St & 8 Ave,40.74177603,-74.00149746,521,8 Ave & W 31 St,40.75096735,-73.99444208,14682,Subscriber,1963,2,3/31/2016,1
345,301,3/31/2016 14:56,3/31/2016 15:01,116,W 17 St & 8 Ave,40.74177603,-74.00149746,435,W 21 St & 6 Ave,40.74173969,-73.99415556,18575,Subscriber,1979,1,3/31/2016,1
346,1000,3/31/2016 14:56,3/31/2016 15:13,116,W 17 St & 8 Ave,40.74177603,-74.00149746,2010,Grand St & Greene St,40.72165481,-74.00234737,18227,Subscriber,1981,2,3/31/2016,1
347,120,3/31/2016 15:14,3/31/2016 15:16,116,W 17 St & 8 Ave,40.74177603,-74.00149746,334,W 20 St & 7 Ave,40.74238787,-73.99726235,21208,Subscriber,1988,1,3/31/2016,1
348,1227,3/31/2016 15:17,3/31/2016 15:37,116,W 17 St & 8 Ave,40.74177603,-74.00149746,195,Liberty St & Broadway,40.70905623,-74.01043382,16974,Subscriber,1963,1,3/31/2016,1
349,408,3/31/2016 15:21,3/31/2016 15:28,116,W 17 St & 8 Ave,40.74177603,-74.00149746,489,10 Ave & W 28 St,40.75066386,-74.00176802,17889,Subscriber,1956,1,3/31/2016,1
350,946,3/31/2016 15:23,3/31/2016 15:39,116,W 17 St & 8 Ave,40.74177603,-74.00149746,426,West St & Chambers St,40.71754834,-74.01322069,15614,Subscriber,1961,1,3/31/2016,1
351,217,3/31/2016 15:31,3/31/2016 15:34,116,W 17 St & 8 Ave,40.74177603,-74.00149746,509,9 Ave & W 22 St,40.7454973,-74.00197139,16888,Subscriber,1987,2,3/31/2016,1
352,481,3/31/2016 15:32,3/31/2016 15:40,116,W 17 St & 8 Ave,40.74177603,-74.00149746,491,E 24 St & Park Ave S,40.74096374,-73.98602213,19591,Subscriber,1987,2,3/31/2016,1
353,892,3/31/2016 15:32,3/31/2016 15:47,116,W 17 St & 8 Ave,40.74177603,-74.00149746,393,E 5 St & Avenue C,40.72299208,-73.97995466,18083,Subscriber,1997,1,3/31/2016,1
354,175,3/31/2016 15:33,3/31/2016 15:36,116,W 17 St & 8 Ave,40.74177603,-74.00149746,462,W 22 St & 10 Ave,40.74691959,-74.00451887,17330,Subscriber,1972,1,3/31/2016,1
355,555,3/31/2016 15:33,3/31/2016 15:43,116,W 17 St & 8 Ave,40.74177603,-74.00149746,498,Broadway & W 32 St,40.74854862,-73.98808416,17677,Subscriber,1994,1,3/31/2016,1
356,806,3/31/2016 15:45,3/31/2016 15:58,116,W 17 St & 8 Ave,40.74177603,-74.00149746,434,9 Ave & W 18 St,40.74317449,-74.00366443,19153,Subscriber,1980,1,3/31/2016,1
357,1033,3/31/2016 15:56,3/31/2016 16:13,116,W 17 St & 8 Ave,40.74177603,-74.00149746,480,W 53 St & 10 Ave,40.76669671,-73.99061728,16090,Subscriber,1981,1,3/31/2016,1
358,433,3/31/2016 15:59,3/31/2016 16:06,116,W 17 St & 8 Ave,40.74177603,-74.00149746,458,11 Ave & W 27 St,40.751396,-74.005226,17477,Subscriber,1985,2,3/31/2016,1
359,475,3/31/2016 16:03,3/31/2016 16:11,116,W 17 St & 8 Ave,40.74177603,-74.00149746,358,Christopher St & Greenwich St,40.73291553,-74.00711384,15802,Subscriber,1968,1,3/31/2016,1
360,679,3/31/2016 16:06,3/31/2016 16:18,116,W 17 St & 8 Ave,40.74177603,-74.00149746,2003,1 Ave & E 18 St,40.73381219,-73.98054421,16780,Subscriber,1953,1,3/31/2016,1
361,175,3/31/2016 16:07,3/31/2016 16:10,116,W 17 St & 8 Ave,40.74177603,-74.00149746,334,W 20 St & 7 Ave,40.74238787,-73.99726235,17300,Subscriber,1998,1,3/31/2016,1
362,356,3/31/2016 16:09,3/31/2016 16:15,116,W 17 St & 8 Ave,40.74177603,-74.00149746,503,E 20 St & Park Ave,40.73827428,-73.98751968,18696,Subscriber,1958,1,3/31/2016,1
363,422,3/31/2016 16:10,3/31/2016 16:17,116,W 17 St & 8 Ave,40.74177603,-74.00149746,521,8 Ave & W 31 St,40.75096735,-73.99444208,16239,Subscriber,1977,1,3/31/2016,1
364,731,3/31/2016 16:15,3/31/2016 16:27,116,W 17 St & 8 Ave,40.74177603,-74.00149746,368,Carmine St & 6 Ave,40.73038599,-74.00214988,19017,Subscriber,1984,1,3/31/2016,1
365,484,3/31/2016 16:16,3/31/2016 16:24,116,W 17 St & 8 Ave,40.74177603,-74.00149746,521,8 Ave & W 31 St,40.75096735,-73.99444208,18708,Subscriber,1988,2,3/31/2016,1
366,315,3/31/2016 16:19,3/31/2016 16:24,116,W 17 St & 8 Ave,40.74177603,-74.00149746,388,W 26 St & 10 Ave,40.74971775,-74.00295035,14946,Subscriber,1977,1,3/31/2016,1
367,337,3/31/2016 16:29,3/31/2016 16:34,116,W 17 St & 8 Ave,40.74177603,-74.00149746,402,Broadway & E 22 St,40.7403432,-73.98955109,15254,Subscriber,1987,1,3/31/2016,1
368,1780,3/31/2016 16:34,3/31/2016 17:04,116,W 17 St & 8 Ave,40.74177603,-74.00149746,368,Carmine St & 6 Ave,40.73038599,-74.00214988,19024,Subscriber,1983,1,3/31/2016,1
369,862,3/31/2016 16:40,3/31/2016 16:54,116,W 17 St & 8 Ave,40.74177603,-74.00149746,519,Pershing Square North,40.751873,-73.977706,16459,Subscriber,1977,1,3/31/2016,1
370,467,3/31/2016 16:44,3/31/2016 16:52,116,W 17 St & 8 Ave,40.74177603,-74.00149746,382,University Pl & E 14 St,40.73492695,-73.99200509,14910,Subscriber,1992,1,3/31/2016,1
371,1027,3/31/2016 16:50,3/31/2016 17:07,116,W 17 St & 8 Ave,40.74177603,-74.00149746,519,Pershing Square North,40.751873,-73.977706,14670,Subscriber,1961,1,3/31/2016,1
372,1292,3/31/2016 16:54,3/31/2016 17:15,116,W 17 St & 8 Ave,40.74177603,-74.00149746,315,South St & Gouverneur Ln,40.70355377,-74.00670227,18896,Subscriber,1989,1,3/31/2016,1
373,605,3/31/2016 17:01,3/31/2016 17:11,116,W 17 St & 8 Ave,40.74177603,-74.00149746,545,E 23 St & 1 Ave,40.736502,-73.97809472,17252,Subscriber,1990,1,3/31/2016,1
374,226,3/31/2016 17:04,3/31/2016 17:08,116,W 17 St & 8 Ave,40.74177603,-74.00149746,494,W 26 St & 8 Ave,40.74734825,-73.99723551,19807,Subscriber,1967,1,3/31/2016,1
375,220,3/31/2016 17:06,3/31/2016 17:10,116,W 17 St & 8 Ave,40.74177603,-74.00149746,462,W 22 St & 10 Ave,40.74691959,-74.00451887,19707,Subscriber,1964,1,3/31/2016,1
376,316,3/31/2016 17:07,3/31/2016 17:12,116,W 17 St & 8 Ave,40.74177603,-74.00149746,462,W 22 St & 10 Ave,40.74691959,-74.00451887,20784,Subscriber,1993,2,3/31/2016,1
377,871,3/31/2016 17:09,3/31/2016 17:23,116,W 17 St & 8 Ave,40.74177603,-74.00149746,519,Pershing Square North,40.751873,-73.977706,21399,Subscriber,1959,1,3/31/2016,1
378,765,3/31/2016 17:11,3/31/2016 17:24,116,W 17 St & 8 Ave,40.74177603,-74.00149746,519,Pershing Square North,40.751873,-73.977706,16471,Subscriber,1972,1,3/31/2016,1
379,1079,3/31/2016 17:11,3/31/2016 17:29,116,W 17 St & 8 Ave,40.74177603,-74.00149746,519,Pershing Square North,40.751873,-73.977706,18995,Subscriber,1973,1,3/31/2016,1
380,476,3/31/2016 17:12,3/31/2016 17:20,116,W 17 St & 8 Ave,40.74177603,-74.00149746,505,6 Ave & W 33 St,40.74901271,-73.98848395,16896,Subscriber,1980,1,3/31/2016,1
381,192,3/31/2016 17:13,3/31/2016 17:16,116,W 17 St & 8 Ave,40.74177603,-74.00149746,462,W 22 St & 10 Ave,40.74691959,-74.00451887,16214,Subscriber,1983,1,3/31/2016,1
382,482,3/31/2016 17:14,3/31/2016 17:22,116,W 17 St & 8 Ave,40.74177603,-74.00149746,521,8 Ave & W 31 St,40.75096735,-73.99444208,16276,Subscriber,1982,1,3/31/2016,1
383,849,3/31/2016 17:15,3/31/2016 17:29,116,W 17 St & 8 Ave,40.74177603,-74.00149746,3236,W 42 St & Dyer Ave,40.75898481,-73.99379969,19955,Subscriber,1977,1,3/31/2016,1
384,354,3/31/2016 17:16,3/31/2016 17:22,116,W 17 St & 8 Ave,40.74177603,-74.00149746,521,8 Ave & W 31 St,40.75096735,-73.99444208,18372,Subscriber,1989,1,3/31/2016,1
385,1098,3/31/2016 17:20,3/31/2016 17:38,116,W 17 St & 8 Ave,40.74177603,-74.00149746,519,Pershing Square North,40.751873,-73.977706,18623,Subscriber,1969,1,3/31/2016,1
386,1035,3/31/2016 17:24,3/31/2016 17:42,116,W 17 St & 8 Ave,40.74177603,-74.00149746,72,W 52 St & 11 Ave,40.76727216,-73.99392888,18028,Subscriber,1981,1,3/31/2016,1
387,379,3/31/2016 17:30,3/31/2016 17:36,116,W 17 St & 8 Ave,40.74177603,-74.00149746,3230,Penn Station Valet,40.7512836,-73.99692446,15045,Subscriber,1971,1,3/31/2016,1
388,330,3/31/2016 17:32,3/31/2016 17:37,116,W 17 St & 8 Ave,40.74177603,-74.00149746,521,8 Ave & W 31 St,40.75096735,-73.99444208,15930,Subscriber,1979,1,3/31/2016,1
389,272,3/31/2016 17:32,3/31/2016 17:36,116,W 17 St & 8 Ave,40.74177603,-74.00149746,494,W 26 St & 8 Ave,40.74734825,-73.99723551,17629,Subscriber,1971,1,3/31/2016,1
390,1441,3/31/2016 17:33,3/31/2016 17:57,116,W 17 St & 8 Ave,40.74177603,-74.00149746,417,Barclay St & Church St,40.71291224,-74.01020234,15685,Subscriber,1984,1,3/31/2016,1
391,717,3/31/2016 17:35,3/31/2016 17:47,116,W 17 St & 8 Ave,40.74177603,-74.00149746,519,Pershing Square North,40.751873,-73.977706,19313,Subscriber,1960,1,3/31/2016,1
392,468,3/31/2016 17:48,3/31/2016 17:56,116,W 17 St & 8 Ave,40.74177603,-74.00149746,3230,Penn Station Valet,40.7512836,-73.99692446,17471,Subscriber,1985,1,3/31/2016,1
393,475,3/31/2016 17:50,3/31/2016 17:58,116,W 17 St & 8 Ave,40.74177603,-74.00149746,521,8 Ave & W 31 St,40.75096735,-73.99444208,16867,Subscriber,1975,1,3/31/2016,1
394,502,3/31/2016 17:57,3/31/2016 18:06,116,W 17 St & 8 Ave,40.74177603,-74.00149746,503,E 20 St & Park Ave,40.73827428,-73.98751968,20192,Subscriber,1981,1,3/31/2016,1
395,936,3/31/2016 17:59,3/31/2016 18:14,116,W 17 St & 8 Ave,40.74177603,-74.00149746,519,Pershing Square North,40.751873,-73.977706,18178,Subscriber,1976,1,3/31/2016,1
396,348,3/31/2016 17:59,3/31/2016 18:05,116,W 17 St & 8 Ave,40.74177603,-74.00149746,3230,Penn Station Valet,40.7512836,-73.99692446,14807,Subscriber,1974,1,3/31/2016,1
397,192,3/31/2016 18:00,3/31/2016 18:03,116,W 17 St & 8 Ave,40.74177603,-74.00149746,509,9 Ave & W 22 St,40.7454973,-74.00197139,14869,Subscriber,1979,2,3/31/2016,1
398,5559,3/31/2016 18:02,3/31/2016 19:35,116,W 17 St & 8 Ave,40.74177603,-74.00149746,434,9 Ave & W 18 St,40.74317449,-74.00366443,15632,Subscriber,1973,2,3/31/2016,1
399,550,3/31/2016 18:10,3/31/2016 18:20,116,W 17 St & 8 Ave,40.74177603,-74.00149746,505,6 Ave & W 33 St,40.74901271,-73.98848395,15829,Subscriber,1972,2,3/31/2016,1
400,577,3/31/2016 18:17,3/31/2016 18:26,116,W 17 St & 8 Ave,40.74177603,-74.00149746,362,Broadway & W 37 St,40.75172632,-73.98753523,19198,Subscriber,1972,1,3/31/2016,1
401,734,3/31/2016 18:18,3/31/2016 18:31,116,W 17 St & 8 Ave,40.74177603,-74.00149746,519,Pershing Square North,40.751873,-73.977706,21635,Subscriber,1966,1,3/31/2016,1
402,250,3/31/2016 18:18,3/31/2016 18:22,116,W 17 St & 8 Ave,40.74177603,-74.00149746,435,W 21 St & 6 Ave,40.74173969,-73.99415556,15994,Subscriber,1991,2,3/31/2016,1
403,1141,3/31/2016 18:31,3/31/2016 18:50,116,W 17 St & 8 Ave,40.74177603,-74.00149746,307,Canal St & Rutgers St,40.71427487,-73.98990025,15358,Subscriber,1988,1,3/31/2016,1
404,447,3/31/2016 18:31,3/31/2016 18:39,116,W 17 St & 8 Ave,40.74177603,-74.00149746,521,8 Ave & W 31 St,40.75096735,-73.99444208,20146,Subscriber,1986,2,3/31/2016,1
405,401,3/31/2016 18:35,3/31/2016 18:41,116,W 17 St & 8 Ave,40.74177603,-74.00149746,458,11 Ave & W 27 St,40.751396,-74.005226,16702,Subscriber,1983,1,3/31/2016,1
406,888,3/31/2016 18:37,3/31/2016 18:52,116,W 17 St & 8 Ave,40.74177603,-74.00149746,2021,W 45 St & 8 Ave,40.75929124,-73.98859651,16111,Subscriber,1977,1,3/31/2016,1
407,1030,3/31/2016 18:43,3/31/2016 19:00,116,W 17 St & 8 Ave,40.74177603,-74.00149746,501,FDR Drive & E 35 St,40.744219,-73.97121214,19792,Subscriber,1989,1,3/31/2016,1
408,207,3/31/2016 18:44,3/31/2016 18:48,116,W 17 St & 8 Ave,40.74177603,-74.00149746,453,W 22 St & 8 Ave,40.74475148,-73.99915362,18958,Subscriber,1965,2,3/31/2016,1
409,544,3/31/2016 18:55,3/31/2016 19:04,116,W 17 St & 8 Ave,40.74177603,-74.00149746,504,1 Ave & E 15 St,40.73221853,-73.98165557,20017,Subscriber,1979,1,3/31/2016,1
410,615,3/31/2016 19:02,3/31/2016 19:12,116,W 17 St & 8 Ave,40.74177603,-74.00149746,461,E 20 St & 2 Ave,40.73587678,-73.98205027,21403,Subscriber,1973,2,3/31/2016,1
411,154,3/31/2016 19:02,3/31/2016 19:05,116,W 17 St & 8 Ave,40.74177603,-74.00149746,3224,W 13 St & Hudson St,40.73997354,-74.00513873,17437,Subscriber,1975,1,3/31/2016,1
412,152,3/31/2016 19:08,3/31/2016 19:10,116,W 17 St & 8 Ave,40.74177603,-74.00149746,470,W 20 St & 8 Ave,40.74345335,-74.00004031,17435,Subscriber,1982,2,3/31/2016,1
413,380,3/31/2016 19:08,3/31/2016 19:15,116,W 17 St & 8 Ave,40.74177603,-74.00149746,489,10 Ave & W 28 St,40.75066386,-74.00176802,17850,Subscriber,1968,2,3/31/2016,1
414,1391,3/31/2016 19:13,3/31/2016 19:37,116,W 17 St & 8 Ave,40.74177603,-74.00149746,3002,South End Ave & Liberty St,40.711512,-74.015756,21015,Subscriber,1986,2,3/31/2016,1
415,539,3/31/2016 19:16,3/31/2016 19:25,116,W 17 St & 8 Ave,40.74177603,-74.00149746,247,Perry St & Bleecker St,40.73535398,-74.00483091,16292,Subscriber,1960,1,3/31/2016,1
416,530,3/31/2016 19:16,3/31/2016 19:25,116,W 17 St & 8 Ave,40.74177603,-74.00149746,247,Perry St & Bleecker St,40.73535398,-74.00483091,21249,Subscriber,1968,1,3/31/2016,1
417,445,3/31/2016 19:32,3/31/2016 19:39,116,W 17 St & 8 Ave,40.74177603,-74.00149746,483,E 12 St & 3 Ave,40.73223272,-73.98889957,16272,Subscriber,1988,1,3/31/2016,1
418,2096,3/31/2016 19:32,3/31/2016 20:07,116,W 17 St & 8 Ave,40.74177603,-74.00149746,467,Dean St & 4 Ave,40.68312489,-73.97895137,18943,Subscriber,1988,1,3/31/2016,1
419,621,3/31/2016 19:34,3/31/2016 19:44,116,W 17 St & 8 Ave,40.74177603,-74.00149746,347,Greenwich St & W Houston St,40.728846,-74.008591,21055,Subscriber,1984,1,3/31/2016,1
420,927,3/31/2016 19:36,3/31/2016 19:51,116,W 17 St & 8 Ave,40.74177603,-74.00149746,151,Cleveland Pl & Spring St,40.72210379,-73.99724901,20269,Subscriber,1993,1,3/31/2016,1
421,1016,3/31/2016 19:37,3/31/2016 19:54,116,W 17 St & 8 Ave,40.74177603,-74.00149746,161,LaGuardia Pl & W 3 St,40.72917025,-73.99810231,19767,Subscriber,1988,2,3/31/2016,1
422,618,3/31/2016 19:47,3/31/2016 19:57,116,W 17 St & 8 Ave,40.74177603,-74.00149746,284,Greenwich Ave & 8 Ave,40.73901691,-74.00263761,21612,Subscriber,1978,1,3/31/2016,1
423,606,3/31/2016 19:56,3/31/2016 20:06,116,W 17 St & 8 Ave,40.74177603,-74.00149746,498,Broadway & W 32 St,40.74854862,-73.98808416,18251,Subscriber,1978,1,3/31/2016,1
424,1026,3/31/2016 20:14,3/31/2016 20:31,116,W 17 St & 8 Ave,40.74177603,-74.00149746,265,Stanton St & Chrystie St,40.72229346,-73.99147535,15657,Subscriber,1985,1,3/31/2016,1
425,918,3/31/2016 20:20,3/31/2016 20:35,116,W 17 St & 8 Ave,40.74177603,-74.00149746,519,Pershing Square North,40.751873,-73.977706,19802,Subscriber,1966,1,3/31/2016,1
426,309,3/31/2016 20:21,3/31/2016 20:26,116,W 17 St & 8 Ave,40.74177603,-74.00149746,459,W 20 St & 11 Ave,40.746745,-74.007756,16676,Subscriber,1965,2,3/31/2016,1
427,457,3/31/2016 20:25,3/31/2016 20:32,116,W 17 St & 8 Ave,40.74177603,-74.00149746,380,W 4 St & 7 Ave S,40.73401143,-74.00293877,16008,Subscriber,1982,1,3/31/2016,1
428,971,3/31/2016 20:35,3/31/2016 20:51,116,W 17 St & 8 Ave,40.74177603,-74.00149746,161,LaGuardia Pl & W 3 St,40.72917025,-73.99810231,17633,Subscriber,1974,1,3/31/2016,1
429,424,3/31/2016 21:04,3/31/2016 21:11,116,W 17 St & 8 Ave,40.74177603,-74.00149746,253,W 13 St & 5 Ave,40.73543934,-73.99453948,19759,Subscriber,1990,2,3/31/2016,1
430,473,3/31/2016 21:06,3/31/2016 21:14,116,W 17 St & 8 Ave,40.74177603,-74.00149746,297,E 15 St & 3 Ave,40.734232,-73.986923,18125,Subscriber,1986,2,3/31/2016,1
431,483,3/31/2016 21:08,3/31/2016 21:17,116,W 17 St & 8 Ave,40.74177603,-74.00149746,444,Broadway & W 24 St,40.7423543,-73.98915076,15437,Subscriber,1984,1,3/31/2016,1
432,1608,3/31/2016 21:10,3/31/2016 21:37,116,W 17 St & 8 Ave,40.74177603,-74.00149746,3145,E 84 St & Park Ave,40.77862688,-73.95772073,15098,Subscriber,1984,1,3/31/2016,1
433,527,3/31/2016 21:16,3/31/2016 21:24,116,W 17 St & 8 Ave,40.74177603,-74.00149746,521,8 Ave & W 31 St,40.75096735,-73.99444208,16787,Subscriber,1977,2,3/31/2016,1
434,425,3/31/2016 21:19,3/31/2016 21:26,116,W 17 St & 8 Ave,40.74177603,-74.00149746,497,E 17 St & Broadway,40.73704984,-73.99009296,20052,Subscriber,1993,2,3/31/2016,1
435,901,3/31/2016 21:26,3/31/2016 21:41,116,W 17 St & 8 Ave,40.74177603,-74.00149746,546,E 30 St & Park Ave S,40.74444921,-73.98303529,18566,Subscriber,1990,1,3/31/2016,1
436,1083,3/31/2016 21:30,3/31/2016 21:48,116,W 17 St & 8 Ave,40.74177603,-74.00149746,317,E 6 St & Avenue B,40.72453734,-73.98185424,16880,Subscriber,1987,1,3/31/2016,1
437,593,3/31/2016 21:41,3/31/2016 21:50,116,W 17 St & 8 Ave,40.74177603,-74.00149746,477,W 41 St & 8 Ave,40.75640548,-73.9900262,21427,Subscriber,1984,1,3/31/2016,1
438,495,3/31/2016 21:42,3/31/2016 21:50,116,W 17 St & 8 Ave,40.74177603,-74.00149746,368,Carmine St & 6 Ave,40.73038599,-74.00214988,15169,Subscriber,1987,1,3/31/2016,1
439,298,3/31/2016 22:10,3/31/2016 22:15,116,W 17 St & 8 Ave,40.74177603,-74.00149746,453,W 22 St & 8 Ave,40.74475148,-73.99915362,21125,Subscriber,1967,1,3/31/2016,1
440,164,3/31/2016 22:16,3/31/2016 22:19,116,W 17 St & 8 Ave,40.74177603,-74.00149746,212,W 16 St & The High Line,40.74334935,-74.00681753,19082,Subscriber,1989,1,3/31/2016,1
441,787,3/31/2016 22:16,3/31/2016 22:29,116,W 17 St & 8 Ave,40.74177603,-74.00149746,479,9 Ave & W 45 St,40.76019252,-73.9912551,19791,Subscriber,1979,1,3/31/2016,1
442,347,3/31/2016 22:20,3/31/2016 22:26,116,W 17 St & 8 Ave,40.74177603,-74.00149746,523,W 38 St & 8 Ave,40.75466591,-73.99138152,15772,Subscriber,1990,1,3/31/2016,1
443,908,3/31/2016 22:26,3/31/2016 22:41,116,W 17 St & 8 Ave,40.74177603,-74.00149746,530,11 Ave & W 59 St,40.771522,-73.990541,19630,Subscriber,1976,1,3/31/2016,1
444,1090,3/31/2016 22:29,3/31/2016 22:48,116,W 17 St & 8 Ave,40.74177603,-74.00149746,508,W 46 St & 11 Ave,40.76341379,-73.99667444,20009,Subscriber,1981,1,3/31/2016,1
445,250,3/31/2016 22:33,3/31/2016 22:37,116,W 17 St & 8 Ave,40.74177603,-74.00149746,494,W 26 St & 8 Ave,40.74734825,-73.99723551,17881,Subscriber,1983,1,3/31/2016,1
446,531,3/31/2016 22:33,3/31/2016 22:42,116,W 17 St & 8 Ave,40.74177603,-74.00149746,474,5 Ave & E 29 St,40.7451677,-73.98683077,20817,Subscriber,1988,1,3/31/2016,1
447,109,3/31/2016 22:44,3/31/2016 22:45,116,W 17 St & 8 Ave,40.74177603,-74.00149746,453,W 22 St & 8 Ave,40.74475148,-73.99915362,20235,Subscriber,1991,1,3/31/2016,1
448,247,3/31/2016 22:50,3/31/2016 22:54,116,W 17 St & 8 Ave,40.74177603,-74.00149746,494,W 26 St & 8 Ave,40.74734825,-73.99723551,21196,Subscriber,1963,2,3/31/2016,1
449,325,3/31/2016 23:04,3/31/2016 23:09,116,W 17 St & 8 Ave,40.74177603,-74.00149746,521,8 Ave & W 31 St,40.75096735,-73.99444208,17366,Subscriber,1980,1,3/31/2016,1
450,326,3/31/2016 23:04,3/31/2016 23:09,116,W 17 St & 8 Ave,40.74177603,-74.00149746,521,8 Ave & W 31 St,40.75096735,-73.99444208,19748,Subscriber,1976,2,3/31/2016,1
451,257,3/31/2016 23:37,3/31/2016 23:41,116,W 17 St & 8 Ave,40.74177603,-74.00149746,462,W 22 St & 10 Ave,40.74691959,-74.00451887,14586,Subscriber,1984,1,3/31/2016,1
452,732,3/31/2016 23:48,4/1/2016 0:00,116,W 17 St & 8 Ave,40.74177603,-74.00149746,546,E 30 St & Park Ave S,40.74444921,-73.98303529,20828,Subscriber,1988,1,3/31/2016,1
453,725,3/31/2016 23:48,4/1/2016 0:00,116,W 17 St & 8 Ave,40.74177603,-74.00149746,546,E 30 St & Park Ave S,40.74444921,-73.98303529,19489,Subscriber,1988,2,3/31/2016,1
454,1039,3/31/2016 6:47,3/31/2016 7:04,119,Park Ave & St Edwards St,40.69608941,-73.97803415,412,Forsyth St & Canal St,40.7158155,-73.99422366,21070,Subscriber,1973,1,3/31/2016,1
455,941,3/31/2016 7:31,3/31/2016 7:47,119,Park Ave & St Edwards St,40.69608941,-73.97803415,263,Elizabeth St & Hester St,40.71729,-73.996375,21608,Subscriber,1985,1,3/31/2016,1
456,1199,3/31/2016 7:44,3/31/2016 8:04,119,Park Ave & St Edwards St,40.69608941,-73.97803415,3064,Myrtle Ave & Lewis Ave,40.69681963,-73.93756926,18935,Subscriber,1978,2,3/31/2016,1
457,269,3/31/2016 8:00,3/31/2016 8:05,119,Park Ave & St Edwards St,40.69608941,-73.97803415,390,Duffield St & Willoughby St,40.69221589,-73.9842844,21021,Subscriber,1986,1,3/31/2016,1
458,306,3/31/2016 8:40,3/31/2016 8:45,119,Park Ave & St Edwards St,40.69608941,-73.97803415,324,DeKalb Ave & Hudson Ave,40.689888,-73.981013,18338,Subscriber,1985,2,3/31/2016,1
459,441,3/31/2016 9:00,3/31/2016 9:08,119,Park Ave & St Edwards St,40.69608941,-73.97803415,323,Lawrence St & Willoughby St,40.69236178,-73.98631746,16841,Subscriber,1987,2,3/31/2016,1
460,488,3/31/2016 10:00,3/31/2016 10:08,119,Park Ave & St Edwards St,40.69608941,-73.97803415,414,Pearl St & Anchorage Pl,40.70281858,-73.98765762,18816,Subscriber,1978,1,3/31/2016,1
461,277,3/31/2016 10:08,3/31/2016 10:13,119,Park Ave & St Edwards St,40.69608941,-73.97803415,239,Willoughby St & Fleet St,40.69196566,-73.9813018,19271,Subscriber,1953,1,3/31/2016,1
462,974,3/31/2016 13:41,3/31/2016 13:57,119,Park Ave & St Edwards St,40.69608941,-73.97803415,412,Forsyth St & Canal St,40.7158155,-73.99422366,20515,Subscriber,1955,1,3/31/2016,1
463,191,3/31/2016 15:48,3/31/2016 15:51,119,Park Ave & St Edwards St,40.69608941,-73.97803415,261,Johnson St & Gold St,40.69474881,-73.98362464,14608,Subscriber,1956,1,3/31/2016,1
464,492,3/31/2016 16:07,3/31/2016 16:15,119,Park Ave & St Edwards St,40.69608941,-73.97803415,416,Cumberland St & Lafayette Ave,40.68753406,-73.97265183,20575,Subscriber,1977,2,3/31/2016,1
465,478,3/31/2016 16:07,3/31/2016 16:15,119,Park Ave & St Edwards St,40.69608941,-73.97803415,416,Cumberland St & Lafayette Ave,40.68753406,-73.97265183,16765,Subscriber,1979,1,3/31/2016,1
466,596,3/31/2016 19:04,3/31/2016 19:14,119,Park Ave & St Edwards St,40.69608941,-73.97803415,322,Clinton St & Tillary St,40.696192,-73.991218,20315,Subscriber,1993,2,3/31/2016,1
467,409,3/31/2016 6:00,3/31/2016 6:07,120,Lexington Ave & Classon Ave,40.68676793,-73.95928168,274,Lafayette Ave & Fort Greene Pl,40.68691865,-73.976682,16050,Subscriber,1986,2,3/31/2016,1
468,274,3/31/2016 6:31,3/31/2016 6:35,120,Lexington Ave & Classon Ave,40.68676793,-73.95928168,384,Fulton St & Washington Ave,40.683048,-73.964915,19418,Subscriber,1975,1,3/31/2016,1
469,1158,3/31/2016 7:08,3/31/2016 7:27,120,Lexington Ave & Classon Ave,40.68676793,-73.95928168,330,Reade St & Broadway,40.71450451,-74.00562789,20000,Subscriber,1951,1,3/31/2016,1
470,276,3/31/2016 7:47,3/31/2016 7:51,120,Lexington Ave & Classon Ave,40.68676793,-73.95928168,436,Hancock St & Bedford Ave,40.68216564,-73.95399026,17264,Subscriber,1987,2,3/31/2016,1
471,293,3/31/2016 8:08,3/31/2016 8:13,120,Lexington Ave & Classon Ave,40.68676793,-73.95928168,409,DeKalb Ave & Skillman St,40.6906495,-73.95643107,18467,Subscriber,1976,1,3/31/2016,1
472,433,3/31/2016 8:20,3/31/2016 8:27,120,Lexington Ave & Classon Ave,40.68676793,-73.95928168,324,DeKalb Ave & Hudson Ave,40.689888,-73.981013,15717,Subscriber,1990,1,3/31/2016,1
473,2042,3/31/2016 8:42,3/31/2016 9:16,120,Lexington Ave & Classon Ave,40.68676793,-73.95928168,312,Allen St & Stanton St,40.722055,-73.989111,15000,Subscriber,1960,2,3/31/2016,1
474,1332,3/31/2016 8:46,3/31/2016 9:08,120,Lexington Ave & Classon Ave,40.68676793,-73.95928168,321,Cadman Plaza E & Red Cross Pl,40.69991755,-73.98971773,15926,Subscriber,1988,1,3/31/2016,1
475,318,3/31/2016 9:01,3/31/2016 9:06,120,Lexington Ave & Classon Ave,40.68676793,-73.95928168,365,Fulton St & Grand Ave,40.68223166,-73.9614583,17048,Subscriber,1966,1,3/31/2016,1
476,1004,3/31/2016 9:08,3/31/2016 9:24,120,Lexington Ave & Classon Ave,40.68676793,-73.95928168,2000,Front St & Washington St,40.70255088,-73.98940236,17074,Subscriber,1991,2,3/31/2016,1
477,842,3/31/2016 9:17,3/31/2016 9:31,120,Lexington Ave & Classon Ave,40.68676793,-73.95928168,460,S 4 St & Wythe Ave,40.71285887,-73.96590294,21135,Subscriber,1973,1,3/31/2016,1
478,859,3/31/2016 9:18,3/31/2016 9:32,120,Lexington Ave & Classon Ave,40.68676793,-73.95928168,430,York St & Jay St,40.7014851,-73.98656928,21708,Subscriber,1986,1,3/31/2016,1
479,1952,3/31/2016 10:29,3/31/2016 11:02,120,Lexington Ave & Classon Ave,40.68676793,-73.95928168,229,Great Jones St,40.72743423,-73.99379025,18458,Subscriber,1988,1,3/31/2016,1
480,488,3/31/2016 10:55,3/31/2016 11:03,120,Lexington Ave & Classon Ave,40.68676793,-73.95928168,3063,Nostrand Ave & Myrtle Ave,40.69527008,-73.95238108,15705,Customer,NA,0,3/31/2016,1
481,577,3/31/2016 19:20,3/31/2016 19:29,120,Lexington Ave & Classon Ave,40.68676793,-73.95928168,437,Macon St & Nostrand Ave,40.68098339,-73.95004798,19382,Subscriber,1986,1,3/31/2016,1
482,236,3/31/2016 19:28,3/31/2016 19:32,120,Lexington Ave & Classon Ave,40.68676793,-73.95928168,275,Washington Ave & Greene Ave,40.68650065,-73.96563307,18938,Subscriber,1988,1,3/31/2016,1
483,583,3/31/2016 20:32,3/31/2016 20:42,120,Lexington Ave & Classon Ave,40.68676793,-73.95928168,243,Fulton St & Rockwell Pl,40.688226,-73.979382,20784,Subscriber,1988,1,3/31/2016,1
484,420,3/31/2016 20:47,3/31/2016 20:54,120,Lexington Ave & Classon Ave,40.68676793,-73.95928168,3222,Hanson Pl & St Felix St,40.6851596,-73.97711366,17020,Subscriber,1990,2,3/31/2016,1
485,513,3/31/2016 20:49,3/31/2016 20:58,120,Lexington Ave & Classon Ave,40.68676793,-73.95928168,3053,Marcy Ave & Lafayette Ave,40.6900815,-73.947915,17124,Subscriber,1990,1,3/31/2016,1
486,626,3/31/2016 21:13,3/31/2016 21:23,120,Lexington Ave & Classon Ave,40.68676793,-73.95928168,324,DeKalb Ave & Hudson Ave,40.689888,-73.981013,21171,Subscriber,1987,1,3/31/2016,1
487,462,3/31/2016 21:56,3/31/2016 22:03,120,Lexington Ave & Classon Ave,40.68676793,-73.95928168,3054,Greene Ave & Throop Ave,40.6894932,-73.942061,16117,Subscriber,1989,1,3/31/2016,1
488,236,3/31/2016 22:07,3/31/2016 22:11,120,Lexington Ave & Classon Ave,40.68676793,-73.95928168,384,Fulton St & Washington Ave,40.683048,-73.964915,16118,Subscriber,1966,1,3/31/2016,1
489,541,3/31/2016 22:43,3/31/2016 22:52,120,Lexington Ave & Classon Ave,40.68676793,-73.95928168,3229,Marcy Ave & MacDonough St,40.68061768,-73.94624949,20110,Subscriber,1990,2,3/31/2016,1
490,385,3/31/2016 22:53,3/31/2016 22:59,120,Lexington Ave & Classon Ave,40.68676793,-73.95928168,3060,Willoughby Ave & Tompkins Ave,40.69425403,-73.94626915,18702,Subscriber,1986,1,3/31/2016,1
491,395,3/31/2016 0:11,3/31/2016 0:18,127,Barrow St & Hudson St,40.73172428,-74.00674436,280,E 10 St & 5 Ave,40.73331967,-73.99510132,18453,Subscriber,1985,1,3/31/2016,1
492,598,3/31/2016 0:46,3/31/2016 0:56,127,Barrow St & Hudson St,40.73172428,-74.00674436,382,University Pl & E 14 St,40.73492695,-73.99200509,15138,Subscriber,1987,1,3/31/2016,1
493,485,3/31/2016 5:53,3/31/2016 6:01,127,Barrow St & Hudson St,40.73172428,-74.00674436,446,W 24 St & 7 Ave,40.74487634,-73.99529885,20551,Subscriber,1986,2,3/31/2016,1
494,443,3/31/2016 6:11,3/31/2016 6:18,127,Barrow St & Hudson St,40.73172428,-74.00674436,497,E 17 St & Broadway,40.73704984,-73.99009296,15069,Subscriber,1981,1,3/31/2016,1
495,468,3/31/2016 6:44,3/31/2016 6:52,127,Barrow St & Hudson St,40.73172428,-74.00674436,459,W 20 St & 11 Ave,40.746745,-74.007756,19830,Subscriber,1983,1,3/31/2016,1
496,517,3/31/2016 6:48,3/31/2016 6:57,127,Barrow St & Hudson St,40.73172428,-74.00674436,426,West St & Chambers St,40.71754834,-74.01322069,16671,Subscriber,1975,2,3/31/2016,1
497,569,3/31/2016 6:48,3/31/2016 6:58,127,Barrow St & Hudson St,40.73172428,-74.00674436,327,Vesey Pl & River Terrace,40.7153379,-74.01658354,19922,Subscriber,1981,2,3/31/2016,1
498,449,3/31/2016 7:02,3/31/2016 7:09,127,Barrow St & Hudson St,40.73172428,-74.00674436,251,Mott St & Prince St,40.72317958,-73.99480012,19537,Subscriber,1980,1,3/31/2016,1
499,1106,3/31/2016 7:02,3/31/2016 7:20,127,Barrow St & Hudson St,40.73172428,-74.00674436,426,West St & Chambers St,40.71754834,-74.01322069,18834,Subscriber,1969,1,3/31/2016,1
500,385,3/31/2016 7:24,3/31/2016 7:30,127,Barrow St & Hudson St,40.73172428,-74.00674436,328,Watts St & Greenwich St,40.72405549,-74.00965965,17141,Subscriber,1990,2,3/31/2016,1
